<annotation><filename>frame_1125.jpg</filename><size><height>482</height><width>640</width><depth>3</depth></size><object><name>Bus</name><difficult>0</difficult><bndbox><xmin>402</xmin><ymin>67</ymin><xmax>512</xmax><ymax>294</ymax></bndbox></object><object><name>Auto</name><difficult>0</difficult><bndbox><xmin>459</xmin><ymin>405</ymin><xmax>545</xmax><ymax>480</ymax></bndbox></object><object><name>Bus</name><difficult>0</difficult><bndbox><xmin>212</xmin><ymin>261</ymin><xmax>370</xmax><ymax>479</ymax></bndbox></object><object><name>Person</name><difficult>0</difficult><bndbox><xmin>235</xmin><ymin>91</ymin><xmax>278</xmax><ymax>169</ymax></bndbox></object><object><name>Person</name><difficult>0</difficult><bndbox><xmin>355</xmin><ymin>65</ymin><xmax>390</xmax><ymax>148</ymax></bndbox></object></annotation>