<annotation><filename>frame_1012.jpg</filename><size><height>482</height><width>640</width><depth>3</depth></size><object><name>Person</name><difficult>0</difficult><bndbox><xmin>421</xmin><ymin>92</ymin><xmax>454</xmax><ymax>173</ymax></bndbox></object><object><name>Person</name><difficult>0</difficult><bndbox><xmin>418</xmin><ymin>201</ymin><xmax>468</xmax><ymax>308</ymax></bndbox></object><object><name>Person</name><difficult>0</difficult><bndbox><xmin>521</xmin><ymin>79</ymin><xmax>546</xmax><ymax>144</ymax></bndbox></object><object><name>Auto</name><difficult>0</difficult><bndbox><xmin>463</xmin><ymin>99</ymin><xmax>522</xmax><ymax>189</ymax></bndbox></object><object><name>Car</name><difficult>0</difficult><bndbox><xmin>256</xmin><ymin>218</ymin><xmax>346</xmax><ymax>364</ymax></bndbox></object><object><name>Car</name><difficult>0</difficult><bndbox><xmin>299</xmin><ymin>35</ymin><xmax>372</xmax><ymax>116</ymax></bndbox></object></annotation>