<annotation><filename>frame_1074.jpg</filename><size><height>482</height><width>640</width><depth>3</depth></size><object><name>Person</name><difficult>0</difficult><bndbox><xmin>259</xmin><ymin>34</ymin><xmax>292</xmax><ymax>91</ymax></bndbox></object><object><name>Car</name><difficult>0</difficult><bndbox><xmin>395</xmin><ymin>128</ymin><xmax>491</xmax><ymax>235</ymax></bndbox></object><object><name>Car</name><difficult>0</difficult><bndbox><xmin>208</xmin><ymin>170</ymin><xmax>319</xmax><ymax>293</ymax></bndbox></object></annotation>