<annotation><filename>frame_1199.jpg</filename><size><height>482</height><width>640</width><depth>3</depth></size><object><name>Car</name><difficult>0</difficult><bndbox><xmin>226</xmin><ymin>96</ymin><xmax>312</xmax><ymax>207</ymax></bndbox></object><object><name>Car</name><difficult>0</difficult><bndbox><xmin>280</xmin><ymin>227</ymin><xmax>411</xmax><ymax>396</ymax></bndbox></object><object><name>Person</name><difficult>0</difficult><bndbox><xmin>544</xmin><ymin>288</ymin><xmax>603</xmax><ymax>402</ymax></bndbox></object></annotation>