<annotation><filename>frame_214.jpg</filename><size><height>482</height><width>640</width><depth>3</depth></size><object><name>Car</name><difficult>0</difficult><bndbox><xmin>276</xmin><ymin>34</ymin><xmax>352</xmax><ymax>113</ymax></bndbox></object><object><name>Person</name><difficult>0</difficult><bndbox><xmin>414</xmin><ymin>284</ymin><xmax>461</xmax><ymax>391</ymax></bndbox></object><object><name>Person</name><difficult>0</difficult><bndbox><xmin>328</xmin><ymin>152</ymin><xmax>368</xmax><ymax>236</ymax></bndbox></object><object><name>Person</name><difficult>0</difficult><bndbox><xmin>506</xmin><ymin>153</ymin><xmax>550</xmax><ymax>249</ymax></bndbox></object><object><name>Car</name><difficult>0</difficult><bndbox><xmin>179</xmin><ymin>359</ymin><xmax>300</xmax><ymax>478</ymax></bndbox></object></annotation>