<annotation><filename>frame_1081.jpg</filename><size><height>482</height><width>640</width><depth>3</depth></size><object><name>Person</name><difficult>0</difficult><bndbox><xmin>473</xmin><ymin>95</ymin><xmax>505</xmax><ymax>169</ymax></bndbox></object><object><name>Person</name><difficult>0</difficult><bndbox><xmin>469</xmin><ymin>33</ymin><xmax>495</xmax><ymax>84</ymax></bndbox></object><object><name>Car</name><difficult>0</difficult><bndbox><xmin>383</xmin><ymin>45</ymin><xmax>465</xmax><ymax>144</ymax></bndbox></object><object><name>Bus</name><difficult>0</difficult><bndbox><xmin>241</xmin><ymin>21</ymin><xmax>370</xmax><ymax>149</ymax></bndbox></object></annotation>