<annotation><filename>frame_225.jpg</filename><size><height>482</height><width>640</width><depth>3</depth></size><object><name>Car</name><difficult>0</difficult><bndbox><xmin>295</xmin><ymin>94</ymin><xmax>377</xmax><ymax>186</ymax></bndbox></object><object><name>Car</name><difficult>0</difficult><bndbox><xmin>290</xmin><ymin>24</ymin><xmax>359</xmax><ymax>62</ymax></bndbox></object><object><name>Car</name><difficult>0</difficult><bndbox><xmin>395</xmin><ymin>24</ymin><xmax>455</xmax><ymax>67</ymax></bndbox></object><object><name>Person</name><difficult>0</difficult><bndbox><xmin>151</xmin><ymin>307</ymin><xmax>206</xmax><ymax>428</ymax></bndbox></object><object><name>Person</name><difficult>0</difficult><bndbox><xmin>521</xmin><ymin>119</ymin><xmax>565</xmax><ymax>198</ymax></bndbox></object><object><name>Person</name><difficult>0</difficult><bndbox><xmin>518</xmin><ymin>225</ymin><xmax>566</xmax><ymax>306</ymax></bndbox></object><object><name>Auto</name><difficult>0</difficult><bndbox><xmin>362</xmin><ymin>228</ymin><xmax>475</xmax><ymax>384</ymax></bndbox></object></annotation>