<annotation><filename>frame_206.jpg</filename><size><height>482</height><width>640</width><depth>3</depth></size><object><name>Car</name><difficult>0</difficult><bndbox><xmin>202</xmin><ymin>128</ymin><xmax>294</xmax><ymax>231</ymax></bndbox></object><object><name>Car</name><difficult>0</difficult><bndbox><xmin>300</xmin><ymin>168</ymin><xmax>402</xmax><ymax>325</ymax></bndbox></object><object><name>Car</name><difficult>0</difficult><bndbox><xmin>135</xmin><ymin>345</ymin><xmax>261</xmax><ymax>480</ymax></bndbox></object><object><name>Person</name><difficult>0</difficult><bndbox><xmin>477</xmin><ymin>47</ymin><xmax>505</xmax><ymax>115</ymax></bndbox></object><object><name>Person</name><difficult>0</difficult><bndbox><xmin>567</xmin><ymin>233</ymin><xmax>606</xmax><ymax>325</ymax></bndbox></object></annotation>