<annotation><filename>frame_310.jpg</filename><size><height>482</height><width>640</width><depth>3</depth></size><object><name>Person</name><difficult>0</difficult><bndbox><xmin>495</xmin><ymin>251</ymin><xmax>533</xmax><ymax>353</ymax></bndbox></object><object><name>Person</name><difficult>0</difficult><bndbox><xmin>507</xmin><ymin>54</ymin><xmax>542</xmax><ymax>115</ymax></bndbox></object><object><name>Person</name><difficult>0</difficult><bndbox><xmin>362</xmin><ymin>236</ymin><xmax>406</xmax><ymax>330</ymax></bndbox></object><object><name>Person</name><difficult>0</difficult><bndbox><xmin>534</xmin><ymin>368</ymin><xmax>590</xmax><ymax>479</ymax></bndbox></object><object><name>Person</name><difficult>0</difficult><bndbox><xmin>420</xmin><ymin>156</ymin><xmax>454</xmax><ymax>232</ymax></bndbox></object><object><name>Person</name><difficult>0</difficult><bndbox><xmin>393</xmin><ymin>105</ymin><xmax>420</xmax><ymax>166</ymax></bndbox></object><object><name>Car</name><difficult>0</difficult><bndbox><xmin>224</xmin><ymin>101</ymin><xmax>309</xmax><ymax>216</ymax></bndbox></object><object><name>Car</name><difficult>0</difficult><bndbox><xmin>348</xmin><ymin>29</ymin><xmax>429</xmax><ymax>120</ymax></bndbox></object></annotation>