<annotation><filename>frame_117.jpg</filename><size><height>482</height><width>640</width><depth>3</depth></size><object><name>Car</name><difficult>0</difficult><bndbox><xmin>106</xmin><ymin>368</ymin><xmax>253</xmax><ymax>482</ymax></bndbox></object><object><name>Person</name><difficult>0</difficult><bndbox><xmin>510</xmin><ymin>268</ymin><xmax>554</xmax><ymax>374</ymax></bndbox></object><object><name>Person</name><difficult>0</difficult><bndbox><xmin>454</xmin><ymin>91</ymin><xmax>495</xmax><ymax>168</ymax></bndbox></object></annotation>