<annotation><filename>frame_317.jpg</filename><size><height>482</height><width>640</width><depth>3</depth></size><object><name>Auto</name><difficult>0</difficult><bndbox><xmin>203</xmin><ymin>75</ymin><xmax>295</xmax><ymax>214</ymax></bndbox></object><object><name>Person</name><difficult>0</difficult><bndbox><xmin>393</xmin><ymin>76</ymin><xmax>440</xmax><ymax>156</ymax></bndbox></object><object><name>Person</name><difficult>0</difficult><bndbox><xmin>161</xmin><ymin>329</ymin><xmax>208</xmax><ymax>456</ymax></bndbox></object><object><name>Bus</name><difficult>0</difficult><bndbox><xmin>262</xmin><ymin>361</ymin><xmax>471</xmax><ymax>482</ymax></bndbox></object></annotation>