<annotation><filename>frame_31.jpg</filename><size><height>482</height><width>640</width><depth>3</depth></size><object><name>Person</name><difficult>0</difficult><bndbox><xmin>490</xmin><ymin>39</ymin><xmax>519</xmax><ymax>99</ymax></bndbox></object><object><name>Person</name><difficult>0</difficult><bndbox><xmin>324</xmin><ymin>310</ymin><xmax>375</xmax><ymax>409</ymax></bndbox></object><object><name>Car</name><difficult>0</difficult><bndbox><xmin>371</xmin><ymin>52</ymin><xmax>444</xmax><ymax>134</ymax></bndbox></object></annotation>