<annotation><filename>frame_1120.jpg</filename><size><height>482</height><width>640</width><depth>3</depth></size><object><name>Auto</name><difficult>0</difficult><bndbox><xmin>362</xmin><ymin>91</ymin><xmax>450</xmax><ymax>238</ymax></bndbox></object><object><name>Car</name><difficult>0</difficult><bndbox><xmin>226</xmin><ymin>119</ymin><xmax>317</xmax><ymax>217</ymax></bndbox></object><object><name>Car</name><difficult>0</difficult><bndbox><xmin>196</xmin><ymin>263</ymin><xmax>304</xmax><ymax>381</ymax></bndbox></object><object><name>Person</name><difficult>0</difficult><bndbox><xmin>488</xmin><ymin>25</ymin><xmax>520</xmax><ymax>58</ymax></bndbox></object></annotation>