<annotation><filename>frame_1203.jpg</filename><size><height>482</height><width>640</width><depth>3</depth></size><object><name>Person</name><difficult>0</difficult><bndbox><xmin>362</xmin><ymin>393</ymin><xmax>419</xmax><ymax>478</ymax></bndbox></object><object><name>Person</name><difficult>0</difficult><bndbox><xmin>506</xmin><ymin>400</ymin><xmax>564</xmax><ymax>478</ymax></bndbox></object><object><name>Person</name><difficult>0</difficult><bndbox><xmin>429</xmin><ymin>45</ymin><xmax>477</xmax><ymax>119</ymax></bndbox></object></annotation>