<annotation><filename>frame_1042.jpg</filename><size><height>482</height><width>640</width><depth>3</depth></size><object><name>Person</name><difficult>0</difficult><bndbox><xmin>357</xmin><ymin>51</ymin><xmax>383</xmax><ymax>111</ymax></bndbox></object><object><name>Person</name><difficult>0</difficult><bndbox><xmin>490</xmin><ymin>158</ymin><xmax>522</xmax><ymax>246</ymax></bndbox></object><object><name>Person</name><difficult>0</difficult><bndbox><xmin>462</xmin><ymin>276</ymin><xmax>503</xmax><ymax>387</ymax></bndbox></object><object><name>Person</name><difficult>0</difficult><bndbox><xmin>416</xmin><ymin>148</ymin><xmax>454</xmax><ymax>248</ymax></bndbox></object><object><name>Car</name><difficult>0</difficult><bndbox><xmin>248</xmin><ymin>100</ymin><xmax>333</xmax><ymax>202</ymax></bndbox></object><object><name>Car</name><difficult>0</difficult><bndbox><xmin>416</xmin><ymin>34</ymin><xmax>488</xmax><ymax>124</ymax></bndbox></object></annotation>