<annotation><filename>frame_184.jpg</filename><size><height>482</height><width>640</width><depth>3</depth></size><object><name>Car</name><difficult>0</difficult><bndbox><xmin>364</xmin><ymin>66</ymin><xmax>435</xmax><ymax>154</ymax></bndbox></object><object><name>Person</name><difficult>0</difficult><bndbox><xmin>290</xmin><ymin>100</ymin><xmax>324</xmax><ymax>185</ymax></bndbox></object><object><name>Person</name><difficult>0</difficult><bndbox><xmin>519</xmin><ymin>58</ymin><xmax>556</xmax><ymax>125</ymax></bndbox></object><object><name>Person</name><difficult>0</difficult><bndbox><xmin>460</xmin><ymin>363</ymin><xmax>515</xmax><ymax>472</ymax></bndbox></object></annotation>