<annotation><filename>frame_1082.jpg</filename><size><height>482</height><width>640</width><depth>3</depth></size><object><name>Bus</name><difficult>0</difficult><bndbox><xmin>132</xmin><ymin>123</ymin><xmax>316</xmax><ymax>471</ymax></bndbox></object><object><name>Person</name><difficult>0</difficult><bndbox><xmin>422</xmin><ymin>136</ymin><xmax>454</xmax><ymax>201</ymax></bndbox></object><object><name>Person</name><difficult>0</difficult><bndbox><xmin>439</xmin><ymin>342</ymin><xmax>487</xmax><ymax>451</ymax></bndbox></object></annotation>