<annotation><filename>frame_337.jpg</filename><size><height>482</height><width>640</width><depth>3</depth></size><object><name>Car</name><difficult>0</difficult><bndbox><xmin>163</xmin><ymin>300</ymin><xmax>292</xmax><ymax>440</ymax></bndbox></object><object><name>Person</name><difficult>0</difficult><bndbox><xmin>425</xmin><ymin>357</ymin><xmax>478</xmax><ymax>476</ymax></bndbox></object><object><name>Person</name><difficult>0</difficult><bndbox><xmin>332</xmin><ymin>323</ymin><xmax>384</xmax><ymax>443</ymax></bndbox></object><object><name>Person</name><difficult>0</difficult><bndbox><xmin>476</xmin><ymin>236</ymin><xmax>515</xmax><ymax>321</ymax></bndbox></object><object><name>Person</name><difficult>0</difficult><bndbox><xmin>531</xmin><ymin>284</ymin><xmax>572</xmax><ymax>399</ymax></bndbox></object><object><name>Person</name><difficult>0</difficult><bndbox><xmin>168</xmin><ymin>157</ymin><xmax>222</xmax><ymax>239</ymax></bndbox></object><object><name>Person</name><difficult>0</difficult><bndbox><xmin>500</xmin><ymin>45</ymin><xmax>535</xmax><ymax>105</ymax></bndbox></object><object><name>Person</name><difficult>0</difficult><bndbox><xmin>435</xmin><ymin>14</ymin><xmax>473</xmax><ymax>63</ymax></bndbox></object><object><name>Person</name><difficult>0</difficult><bndbox><xmin>381</xmin><ymin>173</ymin><xmax>416</xmax><ymax>258</ymax></bndbox></object><object><name>Person</name><difficult>0</difficult><bndbox><xmin>359</xmin><ymin>27</ymin><xmax>404</xmax><ymax>100</ymax></bndbox></object></annotation>