<annotation><filename>frame_152.jpg</filename><size><height>482</height><width>640</width><depth>3</depth></size><object><name>Bus</name><difficult>0</difficult><bndbox><xmin>178</xmin><ymin>115</ymin><xmax>286</xmax><ymax>310</ymax></bndbox></object><object><name>Auto</name><difficult>0</difficult><bndbox><xmin>427</xmin><ymin>112</ymin><xmax>488</xmax><ymax>201</ymax></bndbox></object><object><name>Person</name><difficult>0</difficult><bndbox><xmin>557</xmin><ymin>144</ymin><xmax>597</xmax><ymax>226</ymax></bndbox></object></annotation>