<annotation><filename>frame_166.jpg</filename><size><height>482</height><width>640</width><depth>3</depth></size><object><name>Car</name><difficult>0</difficult><bndbox><xmin>260</xmin><ymin>153</ymin><xmax>346</xmax><ymax>257</ymax></bndbox></object><object><name>Person</name><difficult>0</difficult><bndbox><xmin>331</xmin><ymin>248</ymin><xmax>372</xmax><ymax>338</ymax></bndbox></object><object><name>Auto</name><difficult>0</difficult><bndbox><xmin>430</xmin><ymin>332</ymin><xmax>517</xmax><ymax>477</ymax></bndbox></object><object><name>Person</name><difficult>0</difficult><bndbox><xmin>412</xmin><ymin>77</ymin><xmax>448</xmax><ymax>150</ymax></bndbox></object><object><name>Car</name><difficult>0</difficult><bndbox><xmin>296</xmin><ymin>23</ymin><xmax>354</xmax><ymax>84</ymax></bndbox></object></annotation>