<annotation><filename>frame_244.jpg</filename><size><height>482</height><width>640</width><depth>3</depth></size><object><name>Auto</name><difficult>0</difficult><bndbox><xmin>174</xmin><ymin>178</ymin><xmax>284</xmax><ymax>390</ymax></bndbox></object><object><name>Car</name><difficult>0</difficult><bndbox><xmin>311</xmin><ymin>233</ymin><xmax>406</xmax><ymax>351</ymax></bndbox></object><object><name>Person</name><difficult>0</difficult><bndbox><xmin>463</xmin><ymin>310</ymin><xmax>519</xmax><ymax>420</ymax></bndbox></object><object><name>Auto</name><difficult>0</difficult><bndbox><xmin>313</xmin><ymin>22</ymin><xmax>381</xmax><ymax>85</ymax></bndbox></object><object><name>Person</name><difficult>0</difficult><bndbox><xmin>432</xmin><ymin>21</ymin><xmax>470</xmax><ymax>69</ymax></bndbox></object><object><name>Person</name><difficult>0</difficult><bndbox><xmin>496</xmin><ymin>24</ymin><xmax>542</xmax><ymax>79</ymax></bndbox></object></annotation>