<annotation><filename>frame_1108.jpg</filename><size><height>482</height><width>640</width><depth>3</depth></size><object><name>Auto</name><difficult>0</difficult><bndbox><xmin>212</xmin><ymin>96</ymin><xmax>304</xmax><ymax>220</ymax></bndbox></object><object><name>Bus</name><difficult>0</difficult><bndbox><xmin>350</xmin><ymin>46</ymin><xmax>447</xmax><ymax>243</ymax></bndbox></object><object><name>Auto</name><difficult>0</difficult><bndbox><xmin>263</xmin><ymin>37</ymin><xmax>325</xmax><ymax>142</ymax></bndbox></object><object><name>Car</name><difficult>0</difficult><bndbox><xmin>306</xmin><ymin>27</ymin><xmax>357</xmax><ymax>91</ymax></bndbox></object></annotation>