<annotation><filename>frame_139.jpg</filename><size><height>482</height><width>640</width><depth>3</depth></size><object><name>Person</name><difficult>0</difficult><bndbox><xmin>394</xmin><ymin>400</ymin><xmax>448</xmax><ymax>476</ymax></bndbox></object><object><name>Person</name><difficult>0</difficult><bndbox><xmin>493</xmin><ymin>371</ymin><xmax>540</xmax><ymax>478</ymax></bndbox></object><object><name>Person</name><difficult>0</difficult><bndbox><xmin>382</xmin><ymin>83</ymin><xmax>418</xmax><ymax>152</ymax></bndbox></object><object><name>Car</name><difficult>0</difficult><bndbox><xmin>127</xmin><ymin>323</ymin><xmax>266</xmax><ymax>480</ymax></bndbox></object></annotation>