<annotation><filename>frame_290.jpg</filename><size><height>482</height><width>640</width><depth>3</depth></size><object><name>Car</name><difficult>0</difficult><bndbox><xmin>348</xmin><ymin>305</ymin><xmax>469</xmax><ymax>480</ymax></bndbox></object><object><name>Car</name><difficult>0</difficult><bndbox><xmin>249</xmin><ymin>42</ymin><xmax>321</xmax><ymax>124</ymax></bndbox></object><object><name>Person</name><difficult>0</difficult><bndbox><xmin>132</xmin><ymin>321</ymin><xmax>177</xmax><ymax>442</ymax></bndbox></object><object><name>Person</name><difficult>0</difficult><bndbox><xmin>343</xmin><ymin>51</ymin><xmax>384</xmax><ymax>120</ymax></bndbox></object><object><name>Person</name><difficult>0</difficult><bndbox><xmin>444</xmin><ymin>205</ymin><xmax>497</xmax><ymax>300</ymax></bndbox></object><object><name>Person</name><difficult>0</difficult><bndbox><xmin>540</xmin><ymin>197</ymin><xmax>571</xmax><ymax>298</ymax></bndbox></object></annotation>