<annotation><filename>frame_266.jpg</filename><size><height>482</height><width>640</width><depth>3</depth></size><object><name>Car</name><difficult>0</difficult><bndbox><xmin>168</xmin><ymin>237</ymin><xmax>279</xmax><ymax>380</ymax></bndbox></object><object><name>Car</name><difficult>0</difficult><bndbox><xmin>258</xmin><ymin>60</ymin><xmax>329</xmax><ymax>133</ymax></bndbox></object><object><name>Person</name><difficult>0</difficult><bndbox><xmin>319</xmin><ymin>110</ymin><xmax>351</xmax><ymax>175</ymax></bndbox></object><object><name>Person</name><difficult>0</difficult><bndbox><xmin>496</xmin><ymin>195</ymin><xmax>529</xmax><ymax>286</ymax></bndbox></object><object><name>Person</name><difficult>0</difficult><bndbox><xmin>487</xmin><ymin>74</ymin><xmax>525</xmax><ymax>152</ymax></bndbox></object><object><name>Person</name><difficult>0</difficult><bndbox><xmin>476</xmin><ymin>25</ymin><xmax>508</xmax><ymax>65</ymax></bndbox></object><object><name>Person</name><difficult>0</difficult><bndbox><xmin>420</xmin><ymin>76</ymin><xmax>451</xmax><ymax>153</ymax></bndbox></object><object><name>Person</name><difficult>0</difficult><bndbox><xmin>422</xmin><ymin>186</ymin><xmax>455</xmax><ymax>290</ymax></bndbox></object><object><name>Person</name><difficult>0</difficult><bndbox><xmin>350</xmin><ymin>156</ymin><xmax>389</xmax><ymax>253</ymax></bndbox></object></annotation>