<annotation><filename>frame_1052.jpg</filename><size><height>482</height><width>640</width><depth>3</depth></size><object><name>Auto</name><difficult>0</difficult><bndbox><xmin>301</xmin><ymin>356</ymin><xmax>416</xmax><ymax>481</ymax></bndbox></object><object><name>Person</name><difficult>0</difficult><bndbox><xmin>281</xmin><ymin>170</ymin><xmax>308</xmax><ymax>271</ymax></bndbox></object><object><name>Car</name><difficult>0</difficult><bndbox><xmin>127</xmin><ymin>284</ymin><xmax>250</xmax><ymax>473</ymax></bndbox></object><object><name>Car</name><difficult>0</difficult><bndbox><xmin>261</xmin><ymin>62</ymin><xmax>334</xmax><ymax>132</ymax></bndbox></object><object><name>Car</name><difficult>0</difficult><bndbox><xmin>485</xmin><ymin>297</ymin><xmax>614</xmax><ymax>480</ymax></bndbox></object><object><name>Bus</name><difficult>0</difficult><bndbox><xmin>377</xmin><ymin>25</ymin><xmax>477</xmax><ymax>215</ymax></bndbox></object><object><name>Car</name><difficult>0</difficult><bndbox><xmin>315</xmin><ymin>19</ymin><xmax>388</xmax><ymax>68</ymax></bndbox></object></annotation>