<annotation><filename>frame_1162.jpg</filename><size><height>482</height><width>640</width><depth>3</depth></size><object><name>Auto</name><difficult>0</difficult><bndbox><xmin>286</xmin><ymin>34</ymin><xmax>340</xmax><ymax>103</ymax></bndbox></object><object><name>Person</name><difficult>0</difficult><bndbox><xmin>473</xmin><ymin>131</ymin><xmax>507</xmax><ymax>203</ymax></bndbox></object><object><name>Person</name><difficult>0</difficult><bndbox><xmin>404</xmin><ymin>88</ymin><xmax>441</xmax><ymax>165</ymax></bndbox></object><object><name>Person</name><difficult>0</difficult><bndbox><xmin>421</xmin><ymin>278</ymin><xmax>476</xmax><ymax>386</ymax></bndbox></object></annotation>