<annotation><filename>frame_254.jpg</filename><size><height>482</height><width>640</width><depth>3</depth></size><object><name>Person</name><difficult>0</difficult><bndbox><xmin>469</xmin><ymin>32</ymin><xmax>505</xmax><ymax>89</ymax></bndbox></object><object><name>Person</name><difficult>0</difficult><bndbox><xmin>435</xmin><ymin>82</ymin><xmax>473</xmax><ymax>149</ymax></bndbox></object><object><name>Person</name><difficult>0</difficult><bndbox><xmin>409</xmin><ymin>221</ymin><xmax>464</xmax><ymax>323</ymax></bndbox></object><object><name>Person</name><difficult>0</difficult><bndbox><xmin>318</xmin><ymin>34</ymin><xmax>362</xmax><ymax>110</ymax></bndbox></object></annotation>