<annotation><filename>frame_263.jpg</filename><size><height>482</height><width>640</width><depth>3</depth></size><object><name>Person</name><difficult>0</difficult><bndbox><xmin>257</xmin><ymin>205</ymin><xmax>323</xmax><ymax>316</ymax></bndbox></object><object><name>Person</name><difficult>0</difficult><bndbox><xmin>410</xmin><ymin>20</ymin><xmax>452</xmax><ymax>93</ymax></bndbox></object><object><name>Person</name><difficult>0</difficult><bndbox><xmin>356</xmin><ymin>106</ymin><xmax>400</xmax><ymax>181</ymax></bndbox></object><object><name>Person</name><difficult>0</difficult><bndbox><xmin>478</xmin><ymin>32</ymin><xmax>504</xmax><ymax>93</ymax></bndbox></object><object><name>Person</name><difficult>0</difficult><bndbox><xmin>514</xmin><ymin>42</ymin><xmax>547</xmax><ymax>124</ymax></bndbox></object></annotation>