<annotation><filename>frame_1014.jpg</filename><size><height>482</height><width>640</width><depth>3</depth></size><object><name>Person</name><difficult>0</difficult><bndbox><xmin>508</xmin><ymin>158</ymin><xmax>532</xmax><ymax>238</ymax></bndbox></object><object><name>Person</name><difficult>0</difficult><bndbox><xmin>426</xmin><ymin>17</ymin><xmax>458</xmax><ymax>53</ymax></bndbox></object><object><name>Person</name><difficult>0</difficult><bndbox><xmin>494</xmin><ymin>383</ymin><xmax>551</xmax><ymax>481</ymax></bndbox></object><object><name>Person</name><difficult>0</difficult><bndbox><xmin>494</xmin><ymin>25</ymin><xmax>518</xmax><ymax>80</ymax></bndbox></object><object><name>Person</name><difficult>0</difficult><bndbox><xmin>335</xmin><ymin>57</ymin><xmax>369</xmax><ymax>144</ymax></bndbox></object><object><name>Car</name><difficult>0</difficult><bndbox><xmin>346</xmin><ymin>176</ymin><xmax>463</xmax><ymax>311</ymax></bndbox></object><object><name>Car</name><difficult>0</difficult><bndbox><xmin>131</xmin><ymin>278</ymin><xmax>245</xmax><ymax>407</ymax></bndbox></object><object><name>Car</name><difficult>0</difficult><bndbox><xmin>282</xmin><ymin>415</ymin><xmax>410</xmax><ymax>479</ymax></bndbox></object><object><name>Car</name><difficult>0</difficult><bndbox><xmin>72</xmin><ymin>404</ymin><xmax>209</xmax><ymax>481</ymax></bndbox></object></annotation>