<annotation><filename>frame_177.jpg</filename><size><height>482</height><width>640</width><depth>3</depth></size><object><name>Car</name><difficult>0</difficult><bndbox><xmin>223</xmin><ymin>197</ymin><xmax>313</xmax><ymax>316</ymax></bndbox></object><object><name>Person</name><difficult>0</difficult><bndbox><xmin>436</xmin><ymin>220</ymin><xmax>487</xmax><ymax>316</ymax></bndbox></object><object><name>Person</name><difficult>0</difficult><bndbox><xmin>240</xmin><ymin>64</ymin><xmax>280</xmax><ymax>136</ymax></bndbox></object><object><name>Car</name><difficult>0</difficult><bndbox><xmin>307</xmin><ymin>24</ymin><xmax>377</xmax><ymax>97</ymax></bndbox></object><object><name>Auto</name><difficult>0</difficult><bndbox><xmin>405</xmin><ymin>21</ymin><xmax>490</xmax><ymax>134</ymax></bndbox></object></annotation>