<annotation><filename>frame_1112.jpg</filename><size><height>482</height><width>640</width><depth>3</depth></size><object><name>Person</name><difficult>0</difficult><bndbox><xmin>223</xmin><ymin>152</ymin><xmax>261</xmax><ymax>224</ymax></bndbox></object><object><name>Person</name><difficult>0</difficult><bndbox><xmin>149</xmin><ymin>267</ymin><xmax>186</xmax><ymax>362</ymax></bndbox></object><object><name>Person</name><difficult>0</difficult><bndbox><xmin>384</xmin><ymin>235</ymin><xmax>429</xmax><ymax>322</ymax></bndbox></object><object><name>Person</name><difficult>0</difficult><bndbox><xmin>464</xmin><ymin>191</ymin><xmax>494</xmax><ymax>252</ymax></bndbox></object><object><name>Person</name><difficult>0</difficult><bndbox><xmin>517</xmin><ymin>204</ymin><xmax>537</xmax><ymax>268</ymax></bndbox></object><object><name>Person</name><difficult>0</difficult><bndbox><xmin>518</xmin><ymin>84</ymin><xmax>547</xmax><ymax>140</ymax></bndbox></object><object><name>Person</name><difficult>0</difficult><bndbox><xmin>479</xmin><ymin>78</ymin><xmax>498</xmax><ymax>140</ymax></bndbox></object><object><name>Person</name><difficult>0</difficult><bndbox><xmin>410</xmin><ymin>353</ymin><xmax>449</xmax><ymax>457</ymax></bndbox></object><object><name>Person</name><difficult>0</difficult><bndbox><xmin>455</xmin><ymin>309</ymin><xmax>497</xmax><ymax>410</ymax></bndbox></object><object><name>Person</name><difficult>0</difficult><bndbox><xmin>505</xmin><ymin>284</ymin><xmax>542</xmax><ymax>350</ymax></bndbox></object><object><name>Car</name><difficult>0</difficult><bndbox><xmin>251</xmin><ymin>240</ymin><xmax>356</xmax><ymax>372</ymax></bndbox></object><object><name>Car</name><difficult>0</difficult><bndbox><xmin>314</xmin><ymin>124</ymin><xmax>380</xmax><ymax>225</ymax></bndbox></object><object><name>Auto</name><difficult>0</difficult><bndbox><xmin>427</xmin><ymin>83</ymin><xmax>478</xmax><ymax>162</ymax></bndbox></object></annotation>