<annotation><filename>frame_119.jpg</filename><size><height>482</height><width>640</width><depth>3</depth></size><object><name>Car</name><difficult>0</difficult><bndbox><xmin>212</xmin><ymin>135</ymin><xmax>288</xmax><ymax>227</ymax></bndbox></object><object><name>Car</name><difficult>0</difficult><bndbox><xmin>407</xmin><ymin>176</ymin><xmax>484</xmax><ymax>278</ymax></bndbox></object><object><name>Person</name><difficult>0</difficult><bndbox><xmin>358</xmin><ymin>239</ymin><xmax>394</xmax><ymax>328</ymax></bndbox></object><object><name>Person</name><difficult>0</difficult><bndbox><xmin>523</xmin><ymin>204</ymin><xmax>562</xmax><ymax>300</ymax></bndbox></object><object><name>Person</name><difficult>0</difficult><bndbox><xmin>126</xmin><ymin>380</ymin><xmax>172</xmax><ymax>474</ymax></bndbox></object><object><name>Person</name><difficult>0</difficult><bndbox><xmin>468</xmin><ymin>49</ymin><xmax>498</xmax><ymax>113</ymax></bndbox></object><object><name>Car</name><difficult>0</difficult><bndbox><xmin>316</xmin><ymin>431</ymin><xmax>439</xmax><ymax>481</ymax></bndbox></object></annotation>