<annotation><filename>frame_1196.jpg</filename><size><height>482</height><width>640</width><depth>3</depth></size><object><name>Car</name><difficult>0</difficult><bndbox><xmin>295</xmin><ymin>151</ymin><xmax>391</xmax><ymax>257</ymax></bndbox></object><object><name>Car</name><difficult>0</difficult><bndbox><xmin>398</xmin><ymin>243</ymin><xmax>494</xmax><ymax>355</ymax></bndbox></object><object><name>Person</name><difficult>0</difficult><bndbox><xmin>501</xmin><ymin>19</ymin><xmax>538</xmax><ymax>62</ymax></bndbox></object></annotation>