<annotation><filename>frame_156.jpg</filename><size><height>482</height><width>640</width><depth>3</depth></size><object><name>Person</name><difficult>0</difficult><bndbox><xmin>204</xmin><ymin>339</ymin><xmax>254</xmax><ymax>451</ymax></bndbox></object><object><name>Car</name><difficult>0</difficult><bndbox><xmin>409</xmin><ymin>300</ymin><xmax>497</xmax><ymax>431</ymax></bndbox></object><object><name>Person</name><difficult>0</difficult><bndbox><xmin>264</xmin><ymin>46</ymin><xmax>299</xmax><ymax>105</ymax></bndbox></object><object><name>Person</name><difficult>0</difficult><bndbox><xmin>481</xmin><ymin>125</ymin><xmax>506</xmax><ymax>192</ymax></bndbox></object></annotation>