<annotation><filename>frame_209.jpg</filename><size><height>482</height><width>640</width><depth>3</depth></size><object><name>Car</name><difficult>0</difficult><bndbox><xmin>261</xmin><ymin>311</ymin><xmax>377</xmax><ymax>461</ymax></bndbox></object><object><name>Person</name><difficult>0</difficult><bndbox><xmin>487</xmin><ymin>356</ymin><xmax>538</xmax><ymax>465</ymax></bndbox></object><object><name>Person</name><difficult>0</difficult><bndbox><xmin>476</xmin><ymin>193</ymin><xmax>519</xmax><ymax>280</ymax></bndbox></object><object><name>Car</name><difficult>0</difficult><bndbox><xmin>273</xmin><ymin>41</ymin><xmax>349</xmax><ymax>125</ymax></bndbox></object><object><name>Person</name><difficult>0</difficult><bndbox><xmin>477</xmin><ymin>43</ymin><xmax>520</xmax><ymax>126</ymax></bndbox></object><object><name>Person</name><difficult>0</difficult><bndbox><xmin>386</xmin><ymin>401</ymin><xmax>438</xmax><ymax>480</ymax></bndbox></object></annotation>