<annotation><filename>frame_1056.jpg</filename><size><height>482</height><width>640</width><depth>3</depth></size><object><name>Bus</name><difficult>0</difficult><bndbox><xmin>294</xmin><ymin>175</ymin><xmax>469</xmax><ymax>476</ymax></bndbox></object><object><name>Auto</name><difficult>0</difficult><bndbox><xmin>164</xmin><ymin>149</ymin><xmax>269</xmax><ymax>299</ymax></bndbox></object><object><name>Car</name><difficult>0</difficult><bndbox><xmin>126</xmin><ymin>288</ymin><xmax>249</xmax><ymax>457</ymax></bndbox></object><object><name>Car</name><difficult>0</difficult><bndbox><xmin>319</xmin><ymin>57</ymin><xmax>386</xmax><ymax>140</ymax></bndbox></object><object><name>Person</name><difficult>0</difficult><bndbox><xmin>512</xmin><ymin>315</ymin><xmax>550</xmax><ymax>435</ymax></bndbox></object><object><name>Person</name><difficult>0</difficult><bndbox><xmin>542</xmin><ymin>239</ymin><xmax>576</xmax><ymax>327</ymax></bndbox></object><object><name>Person</name><difficult>0</difficult><bndbox><xmin>478</xmin><ymin>149</ymin><xmax>515</xmax><ymax>228</ymax></bndbox></object><object><name>Person</name><difficult>0</difficult><bndbox><xmin>413</xmin><ymin>134</ymin><xmax>447</xmax><ymax>190</ymax></bndbox></object><object><name>Person</name><difficult>0</difficult><bndbox><xmin>411</xmin><ymin>24</ymin><xmax>440</xmax><ymax>78</ymax></bndbox></object><object><name>Car</name><difficult>0</difficult><bndbox><xmin>457</xmin><ymin>23</ymin><xmax>525</xmax><ymax>86</ymax></bndbox></object></annotation>