<annotation><filename>frame_288.jpg</filename><size><height>482</height><width>640</width><depth>3</depth></size><object><name>Auto</name><difficult>0</difficult><bndbox><xmin>118</xmin><ymin>291</ymin><xmax>233</xmax><ymax>474</ymax></bndbox></object><object><name>Car</name><difficult>0</difficult><bndbox><xmin>335</xmin><ymin>142</ymin><xmax>428</xmax><ymax>275</ymax></bndbox></object><object><name>Car</name><difficult>0</difficult><bndbox><xmin>281</xmin><ymin>62</ymin><xmax>348</xmax><ymax>139</ymax></bndbox></object><object><name>Person</name><difficult>0</difficult><bndbox><xmin>472</xmin><ymin>117</ymin><xmax>507</xmax><ymax>193</ymax></bndbox></object><object><name>Person</name><difficult>0</difficult><bndbox><xmin>547</xmin><ymin>157</ymin><xmax>584</xmax><ymax>253</ymax></bndbox></object><object><name>Person</name><difficult>0</difficult><bndbox><xmin>453</xmin><ymin>241</ymin><xmax>503</xmax><ymax>347</ymax></bndbox></object></annotation>