<annotation><filename>frame_259.jpg</filename><size><height>482</height><width>640</width><depth>3</depth></size><object><name>Car</name><difficult>0</difficult><bndbox><xmin>174</xmin><ymin>189</ymin><xmax>280</xmax><ymax>305</ymax></bndbox></object><object><name>Person</name><difficult>0</difficult><bndbox><xmin>258</xmin><ymin>301</ymin><xmax>309</xmax><ymax>415</ymax></bndbox></object><object><name>Person</name><difficult>0</difficult><bndbox><xmin>493</xmin><ymin>288</ymin><xmax>552</xmax><ymax>404</ymax></bndbox></object><object><name>Person</name><difficult>0</difficult><bndbox><xmin>466</xmin><ymin>46</ymin><xmax>507</xmax><ymax>122</ymax></bndbox></object><object><name>Car</name><difficult>0</difficult><bndbox><xmin>342</xmin><ymin>305</ymin><xmax>435</xmax><ymax>448</ymax></bndbox></object><object><name>Auto</name><difficult>0</difficult><bndbox><xmin>381</xmin><ymin>17</ymin><xmax>429</xmax><ymax>59</ymax></bndbox></object></annotation>