<annotation><filename>frame_164.jpg</filename><size><height>482</height><width>640</width><depth>3</depth></size><object><name>Car</name><difficult>0</difficult><bndbox><xmin>356</xmin><ymin>289</ymin><xmax>465</xmax><ymax>441</ymax></bndbox></object><object><name>Person</name><difficult>0</difficult><bndbox><xmin>179</xmin><ymin>294</ymin><xmax>223</xmax><ymax>396</ymax></bndbox></object><object><name>Person</name><difficult>0</difficult><bndbox><xmin>268</xmin><ymin>214</ymin><xmax>310</xmax><ymax>305</ymax></bndbox></object><object><name>Person</name><difficult>0</difficult><bndbox><xmin>223</xmin><ymin>167</ymin><xmax>264</xmax><ymax>250</ymax></bndbox></object><object><name>Person</name><difficult>0</difficult><bndbox><xmin>255</xmin><ymin>103</ymin><xmax>301</xmax><ymax>171</ymax></bndbox></object><object><name>Person</name><difficult>0</difficult><bndbox><xmin>397</xmin><ymin>183</ymin><xmax>448</xmax><ymax>272</ymax></bndbox></object><object><name>Person</name><difficult>0</difficult><bndbox><xmin>482</xmin><ymin>114</ymin><xmax>522</xmax><ymax>184</ymax></bndbox></object><object><name>Person</name><difficult>0</difficult><bndbox><xmin>429</xmin><ymin>34</ymin><xmax>460</xmax><ymax>99</ymax></bndbox></object><object><name>Person</name><difficult>0</difficult><bndbox><xmin>321</xmin><ymin>165</ymin><xmax>359</xmax><ymax>250</ymax></bndbox></object></annotation>