<annotation><filename>frame_255.jpg</filename><size><height>482</height><width>640</width><depth>3</depth></size><object><name>Person</name><difficult>0</difficult><bndbox><xmin>330</xmin><ymin>49</ymin><xmax>359</xmax><ymax>116</ymax></bndbox></object><object><name>Person</name><difficult>0</difficult><bndbox><xmin>350</xmin><ymin>178</ymin><xmax>393</xmax><ymax>275</ymax></bndbox></object><object><name>Person</name><difficult>0</difficult><bndbox><xmin>467</xmin><ymin>208</ymin><xmax>518</xmax><ymax>308</ymax></bndbox></object><object><name>Auto</name><difficult>0</difficult><bndbox><xmin>425</xmin><ymin>24</ymin><xmax>480</xmax><ymax>94</ymax></bndbox></object></annotation>