<annotation><filename>frame_24.jpg</filename><size><height>482</height><width>640</width><depth>3</depth></size><object><name>Car</name><difficult>0</difficult><bndbox><xmin>292</xmin><ymin>185</ymin><xmax>377</xmax><ymax>302</ymax></bndbox></object><object><name>Auto</name><difficult>0</difficult><bndbox><xmin>435</xmin><ymin>120</ymin><xmax>505</xmax><ymax>228</ymax></bndbox></object><object><name>Person</name><difficult>0</difficult><bndbox><xmin>348</xmin><ymin>26</ymin><xmax>378</xmax><ymax>80</ymax></bndbox></object><object><name>Car</name><difficult>0</difficult><bndbox><xmin>109</xmin><ymin>385</ymin><xmax>244</xmax><ymax>478</ymax></bndbox></object></annotation>