<annotation><filename>frame_134.jpg</filename><size><height>482</height><width>640</width><depth>3</depth></size><object><name>Car</name><difficult>0</difficult><bndbox><xmin>306</xmin><ymin>34</ymin><xmax>374</xmax><ymax>133</ymax></bndbox></object><object><name>Auto</name><difficult>0</difficult><bndbox><xmin>396</xmin><ymin>21</ymin><xmax>454</xmax><ymax>73</ymax></bndbox></object><object><name>Person</name><difficult>0</difficult><bndbox><xmin>478</xmin><ymin>59</ymin><xmax>507</xmax><ymax>127</ymax></bndbox></object><object><name>Person</name><difficult>0</difficult><bndbox><xmin>524</xmin><ymin>224</ymin><xmax>562</xmax><ymax>320</ymax></bndbox></object><object><name>Person</name><difficult>0</difficult><bndbox><xmin>493</xmin><ymin>373</ymin><xmax>535</xmax><ymax>475</ymax></bndbox></object><object><name>Auto</name><difficult>0</difficult><bndbox><xmin>56</xmin><ymin>369</ymin><xmax>199</xmax><ymax>481</ymax></bndbox></object></annotation>