<annotation><filename>frame_1168.jpg</filename><size><height>482</height><width>640</width><depth>3</depth></size><object><name>Car</name><difficult>0</difficult><bndbox><xmin>206</xmin><ymin>210</ymin><xmax>311</xmax><ymax>336</ymax></bndbox></object><object><name>Person</name><difficult>0</difficult><bndbox><xmin>466</xmin><ymin>66</ymin><xmax>497</xmax><ymax>129</ymax></bndbox></object><object><name>Person</name><difficult>0</difficult><bndbox><xmin>409</xmin><ymin>149</ymin><xmax>443</xmax><ymax>225</ymax></bndbox></object><object><name>Person</name><difficult>0</difficult><bndbox><xmin>366</xmin><ymin>345</ymin><xmax>416</xmax><ymax>459</ymax></bndbox></object></annotation>