<annotation><filename>frame_174.jpg</filename><size><height>482</height><width>640</width><depth>3</depth></size><object><name>Car</name><difficult>0</difficult><bndbox><xmin>147</xmin><ymin>248</ymin><xmax>246</xmax><ymax>377</ymax></bndbox></object><object><name>Car</name><difficult>0</difficult><bndbox><xmin>282</xmin><ymin>343</ymin><xmax>401</xmax><ymax>478</ymax></bndbox></object><object><name>Car</name><difficult>0</difficult><bndbox><xmin>315</xmin><ymin>182</ymin><xmax>408</xmax><ymax>293</ymax></bndbox></object><object><name>Car</name><difficult>0</difficult><bndbox><xmin>285</xmin><ymin>21</ymin><xmax>350</xmax><ymax>66</ymax></bndbox></object><object><name>Car</name><difficult>0</difficult><bndbox><xmin>394</xmin><ymin>21</ymin><xmax>455</xmax><ymax>85</ymax></bndbox></object><object><name>Person</name><difficult>0</difficult><bndbox><xmin>510</xmin><ymin>38</ymin><xmax>539</xmax><ymax>97</ymax></bndbox></object><object><name>Person</name><difficult>0</difficult><bndbox><xmin>523</xmin><ymin>282</ymin><xmax>569</xmax><ymax>389</ymax></bndbox></object></annotation>