<annotation><filename>frame_1187.jpg</filename><size><height>482</height><width>640</width><depth>3</depth></size><object><name>Car</name><difficult>0</difficult><bndbox><xmin>375</xmin><ymin>24</ymin><xmax>449</xmax><ymax>95</ymax></bndbox></object><object><name>Person</name><difficult>0</difficult><bndbox><xmin>508</xmin><ymin>45</ymin><xmax>537</xmax><ymax>122</ymax></bndbox></object><object><name>Person</name><difficult>0</difficult><bndbox><xmin>346</xmin><ymin>146</ymin><xmax>387</xmax><ymax>221</ymax></bndbox></object><object><name>Person</name><difficult>0</difficult><bndbox><xmin>492</xmin><ymin>232</ymin><xmax>526</xmax><ymax>313</ymax></bndbox></object><object><name>Person</name><difficult>0</difficult><bndbox><xmin>459</xmin><ymin>167</ymin><xmax>494</xmax><ymax>244</ymax></bndbox></object><object><name>Person</name><difficult>0</difficult><bndbox><xmin>408</xmin><ymin>214</ymin><xmax>446</xmax><ymax>296</ymax></bndbox></object><object><name>Car</name><difficult>0</difficult><bndbox><xmin>228</xmin><ymin>154</ymin><xmax>322</xmax><ymax>286</ymax></bndbox></object><object><name>Car</name><difficult>0</difficult><bndbox><xmin>283</xmin><ymin>19</ymin><xmax>355</xmax><ymax>76</ymax></bndbox></object></annotation>