<annotation><filename>frame_1066.jpg</filename><size><height>482</height><width>640</width><depth>3</depth></size><object><name>Person</name><difficult>0</difficult><bndbox><xmin>419</xmin><ymin>151</ymin><xmax>457</xmax><ymax>233</ymax></bndbox></object><object><name>Person</name><difficult>0</difficult><bndbox><xmin>454</xmin><ymin>348</ymin><xmax>495</xmax><ymax>467</ymax></bndbox></object><object><name>Person</name><difficult>0</difficult><bndbox><xmin>444</xmin><ymin>18</ymin><xmax>476</xmax><ymax>68</ymax></bndbox></object><object><name>Person</name><difficult>0</difficult><bndbox><xmin>487</xmin><ymin>23</ymin><xmax>517</xmax><ymax>63</ymax></bndbox></object></annotation>