<annotation><filename>frame_114.jpg</filename><size><height>482</height><width>640</width><depth>3</depth></size><object><name>Bus</name><difficult>0</difficult><bndbox><xmin>374</xmin><ymin>304</ymin><xmax>562</xmax><ymax>480</ymax></bndbox></object><object><name>Auto</name><difficult>0</difficult><bndbox><xmin>387</xmin><ymin>130</ymin><xmax>449</xmax><ymax>229</ymax></bndbox></object><object><name>Car</name><difficult>0</difficult><bndbox><xmin>212</xmin><ymin>99</ymin><xmax>292</xmax><ymax>220</ymax></bndbox></object><object><name>Car</name><difficult>0</difficult><bndbox><xmin>309</xmin><ymin>24</ymin><xmax>371</xmax><ymax>81</ymax></bndbox></object><object><name>Car</name><difficult>0</difficult><bndbox><xmin>84</xmin><ymin>407</ymin><xmax>215</xmax><ymax>480</ymax></bndbox></object></annotation>