<annotation><filename>frame_262.jpg</filename><size><height>482</height><width>640</width><depth>3</depth></size><object><name>Car</name><difficult>0</difficult><bndbox><xmin>239</xmin><ymin>89</ymin><xmax>325</xmax><ymax>182</ymax></bndbox></object><object><name>Car</name><difficult>0</difficult><bndbox><xmin>448</xmin><ymin>193</ymin><xmax>547</xmax><ymax>306</ymax></bndbox></object><object><name>Auto</name><difficult>0</difficult><bndbox><xmin>383</xmin><ymin>30</ymin><xmax>444</xmax><ymax>104</ymax></bndbox></object><object><name>Auto</name><difficult>0</difficult><bndbox><xmin>471</xmin><ymin>23</ymin><xmax>533</xmax><ymax>95</ymax></bndbox></object></annotation>