<annotation><filename>frame_151.jpg</filename><size><height>482</height><width>640</width><depth>3</depth></size><object><name>Car</name><difficult>0</difficult><bndbox><xmin>215</xmin><ymin>165</ymin><xmax>298</xmax><ymax>265</ymax></bndbox></object><object><name>Car</name><difficult>0</difficult><bndbox><xmin>314</xmin><ymin>217</ymin><xmax>421</xmax><ymax>351</ymax></bndbox></object><object><name>Person</name><difficult>0</difficult><bndbox><xmin>282</xmin><ymin>378</ymin><xmax>334</xmax><ymax>469</ymax></bndbox></object><object><name>Person</name><difficult>0</difficult><bndbox><xmin>528</xmin><ymin>64</ymin><xmax>571</xmax><ymax>122</ymax></bndbox></object><object><name>Auto</name><difficult>0</difficult><bndbox><xmin>445</xmin><ymin>21</ymin><xmax>487</xmax><ymax>46</ymax></bndbox></object></annotation>