<annotation><filename>frame_1184.jpg</filename><size><height>482</height><width>640</width><depth>3</depth></size><object><name>Person</name><difficult>0</difficult><bndbox><xmin>341</xmin><ymin>112</ymin><xmax>374</xmax><ymax>192</ymax></bndbox></object><object><name>Person</name><difficult>0</difficult><bndbox><xmin>240</xmin><ymin>85</ymin><xmax>281</xmax><ymax>149</ymax></bndbox></object><object><name>Person</name><difficult>0</difficult><bndbox><xmin>469</xmin><ymin>58</ymin><xmax>492</xmax><ymax>116</ymax></bndbox></object><object><name>Person</name><difficult>0</difficult><bndbox><xmin>472</xmin><ymin>27</ymin><xmax>493</xmax><ymax>75</ymax></bndbox></object><object><name>Person</name><difficult>0</difficult><bndbox><xmin>384</xmin><ymin>24</ymin><xmax>407</xmax><ymax>85</ymax></bndbox></object></annotation>