<annotation><filename>frame_1154.jpg</filename><size><height>482</height><width>640</width><depth>3</depth></size><object><name>Car</name><difficult>0</difficult><bndbox><xmin>255</xmin><ymin>152</ymin><xmax>344</xmax><ymax>251</ymax></bndbox></object><object><name>Car</name><difficult>0</difficult><bndbox><xmin>406</xmin><ymin>170</ymin><xmax>489</xmax><ymax>273</ymax></bndbox></object><object><name>Person</name><difficult>0</difficult><bndbox><xmin>396</xmin><ymin>35</ymin><xmax>429</xmax><ymax>106</ymax></bndbox></object><object><name>Person</name><difficult>0</difficult><bndbox><xmin>274</xmin><ymin>301</ymin><xmax>338</xmax><ymax>413</ymax></bndbox></object><object><name>Auto</name><difficult>0</difficult><bndbox><xmin>261</xmin><ymin>22</ymin><xmax>327</xmax><ymax>132</ymax></bndbox></object><object><name>Car</name><difficult>0</difficult><bndbox><xmin>296</xmin><ymin>21</ymin><xmax>360</xmax><ymax>68</ymax></bndbox></object></annotation>