<annotation><filename>frame_1044.jpg</filename><size><height>482</height><width>640</width><depth>3</depth></size><object><name>Person</name><difficult>0</difficult><bndbox><xmin>468</xmin><ymin>116</ymin><xmax>496</xmax><ymax>196</ymax></bndbox></object><object><name>Person</name><difficult>0</difficult><bndbox><xmin>460</xmin><ymin>354</ymin><xmax>503</xmax><ymax>476</ymax></bndbox></object><object><name>Person</name><difficult>0</difficult><bndbox><xmin>531</xmin><ymin>88</ymin><xmax>566</xmax><ymax>152</ymax></bndbox></object><object><name>Person</name><difficult>0</difficult><bndbox><xmin>480</xmin><ymin>196</ymin><xmax>511</xmax><ymax>275</ymax></bndbox></object><object><name>Car</name><difficult>0</difficult><bndbox><xmin>273</xmin><ymin>49</ymin><xmax>334</xmax><ymax>116</ymax></bndbox></object><object><name>Car</name><difficult>0</difficult><bndbox><xmin>355</xmin><ymin>113</ymin><xmax>456</xmax><ymax>228</ymax></bndbox></object><object><name>Car</name><difficult>0</difficult><bndbox><xmin>229</xmin><ymin>113</ymin><xmax>319</xmax><ymax>234</ymax></bndbox></object></annotation>