<annotation><filename>frame_1107.jpg</filename><size><height>482</height><width>640</width><depth>3</depth></size><object><name>Person</name><difficult>0</difficult><bndbox><xmin>494</xmin><ymin>217</ymin><xmax>527</xmax><ymax>315</ymax></bndbox></object><object><name>Bus</name><difficult>0</difficult><bndbox><xmin>369</xmin><ymin>17</ymin><xmax>468</xmax><ymax>90</ymax></bndbox></object><object><name>Auto</name><difficult>0</difficult><bndbox><xmin>283</xmin><ymin>19</ymin><xmax>355</xmax><ymax>61</ymax></bndbox></object></annotation>