<annotation><filename>frame_215.jpg</filename><size><height>482</height><width>640</width><depth>3</depth></size><object><name>Person</name><difficult>0</difficult><bndbox><xmin>115</xmin><ymin>267</ymin><xmax>162</xmax><ymax>373</ymax></bndbox></object><object><name>Person</name><difficult>0</difficult><bndbox><xmin>209</xmin><ymin>322</ymin><xmax>263</xmax><ymax>447</ymax></bndbox></object><object><name>Person</name><difficult>0</difficult><bndbox><xmin>276</xmin><ymin>230</ymin><xmax>333</xmax><ymax>350</ymax></bndbox></object><object><name>Person</name><difficult>0</difficult><bndbox><xmin>471</xmin><ymin>163</ymin><xmax>506</xmax><ymax>248</ymax></bndbox></object><object><name>Person</name><difficult>0</difficult><bndbox><xmin>283</xmin><ymin>19</ymin><xmax>315</xmax><ymax>84</ymax></bndbox></object><object><name>Person</name><difficult>0</difficult><bndbox><xmin>488</xmin><ymin>22</ymin><xmax>517</xmax><ymax>74</ymax></bndbox></object><object><name>Car</name><difficult>0</difficult><bndbox><xmin>364</xmin><ymin>166</ymin><xmax>459</xmax><ymax>305</ymax></bndbox></object></annotation>