<annotation><filename>frame_178.jpg</filename><size><height>482</height><width>640</width><depth>3</depth></size><object><name>Car</name><difficult>0</difficult><bndbox><xmin>174</xmin><ymin>337</ymin><xmax>289</xmax><ymax>477</ymax></bndbox></object><object><name>Person</name><difficult>0</difficult><bndbox><xmin>102</xmin><ymin>315</ymin><xmax>146</xmax><ymax>431</ymax></bndbox></object><object><name>Auto</name><difficult>0</difficult><bndbox><xmin>355</xmin><ymin>204</ymin><xmax>516</xmax><ymax>457</ymax></bndbox></object><object><name>Auto</name><difficult>0</difficult><bndbox><xmin>307</xmin><ymin>19</ymin><xmax>351</xmax><ymax>66</ymax></bndbox></object><object><name>Car</name><difficult>0</difficult><bndbox><xmin>371</xmin><ymin>24</ymin><xmax>433</xmax><ymax>73</ymax></bndbox></object><object><name>Person</name><difficult>0</difficult><bndbox><xmin>485</xmin><ymin>23</ymin><xmax>523</xmax><ymax>65</ymax></bndbox></object></annotation>