<annotation><filename>frame_293.jpg</filename><size><height>482</height><width>640</width><depth>3</depth></size><object><name>Car</name><difficult>0</difficult><bndbox><xmin>273</xmin><ymin>310</ymin><xmax>396</xmax><ymax>464</ymax></bndbox></object><object><name>Car</name><difficult>0</difficult><bndbox><xmin>376</xmin><ymin>65</ymin><xmax>439</xmax><ymax>129</ymax></bndbox></object><object><name>Car</name><difficult>0</difficult><bndbox><xmin>377</xmin><ymin>22</ymin><xmax>440</xmax><ymax>74</ymax></bndbox></object><object><name>Car</name><difficult>0</difficult><bndbox><xmin>375</xmin><ymin>20</ymin><xmax>444</xmax><ymax>77</ymax></bndbox></object><object><name>Auto</name><difficult>0</difficult><bndbox><xmin>443</xmin><ymin>142</ymin><xmax>542</xmax><ymax>285</ymax></bndbox></object><object><name>Person</name><difficult>0</difficult><bndbox><xmin>144</xmin><ymin>356</ymin><xmax>203</xmax><ymax>477</ymax></bndbox></object></annotation>