<annotation><filename>frame_187.jpg</filename><size><height>482</height><width>640</width><depth>3</depth></size><object><name>Car</name><difficult>0</difficult><bndbox><xmin>366</xmin><ymin>78</ymin><xmax>440</xmax><ymax>202</ymax></bndbox></object><object><name>Auto</name><difficult>0</difficult><bndbox><xmin>429</xmin><ymin>25</ymin><xmax>483</xmax><ymax>84</ymax></bndbox></object><object><name>Person</name><difficult>0</difficult><bndbox><xmin>437</xmin><ymin>189</ymin><xmax>472</xmax><ymax>279</ymax></bndbox></object><object><name>Person</name><difficult>0</difficult><bndbox><xmin>532</xmin><ymin>209</ymin><xmax>567</xmax><ymax>302</ymax></bndbox></object></annotation>