<annotation><filename>frame_346.jpg</filename><size><height>482</height><width>640</width><depth>3</depth></size><object><name>Bus</name><difficult>0</difficult><bndbox><xmin>332</xmin><ymin>78</ymin><xmax>449</xmax><ymax>269</ymax></bndbox></object><object><name>Person</name><difficult>0</difficult><bndbox><xmin>471</xmin><ymin>82</ymin><xmax>516</xmax><ymax>163</ymax></bndbox></object><object><name>Person</name><difficult>0</difficult><bndbox><xmin>300</xmin><ymin>53</ymin><xmax>329</xmax><ymax>121</ymax></bndbox></object><object><name>Person</name><difficult>0</difficult><bndbox><xmin>302</xmin><ymin>19</ymin><xmax>346</xmax><ymax>71</ymax></bndbox></object></annotation>