<annotation><filename>frame_14.jpg</filename><size><height>482</height><width>640</width><depth>3</depth></size><object><name>Car</name><difficult>0</difficult><bndbox><xmin>284</xmin><ymin>107</ymin><xmax>364</xmax><ymax>204</ymax></bndbox></object><object><name>Person</name><difficult>0</difficult><bndbox><xmin>419</xmin><ymin>163</ymin><xmax>445</xmax><ymax>244</ymax></bndbox></object><object><name>Person</name><difficult>0</difficult><bndbox><xmin>400</xmin><ymin>102</ymin><xmax>426</xmax><ymax>175</ymax></bndbox></object><object><name>Person</name><difficult>0</difficult><bndbox><xmin>454</xmin><ymin>266</ymin><xmax>489</xmax><ymax>373</ymax></bndbox></object></annotation>