<annotation><filename>frame_1059.jpg</filename><size><height>482</height><width>640</width><depth>3</depth></size><object><name>Auto</name><difficult>0</difficult><bndbox><xmin>393</xmin><ymin>48</ymin><xmax>471</xmax><ymax>179</ymax></bndbox></object><object><name>Auto</name><difficult>0</difficult><bndbox><xmin>363</xmin><ymin>231</ymin><xmax>440</xmax><ymax>358</ymax></bndbox></object><object><name>Car</name><difficult>0</difficult><bndbox><xmin>180</xmin><ymin>335</ymin><xmax>312</xmax><ymax>478</ymax></bndbox></object><object><name>Person</name><difficult>0</difficult><bndbox><xmin>514</xmin><ymin>280</ymin><xmax>582</xmax><ymax>416</ymax></bndbox></object><object><name>Car</name><difficult>0</difficult><bndbox><xmin>291</xmin><ymin>35</ymin><xmax>361</xmax><ymax>112</ymax></bndbox></object><object><name>Car</name><difficult>0</difficult><bndbox><xmin>171</xmin><ymin>205</ymin><xmax>268</xmax><ymax>326</ymax></bndbox></object></annotation>