<annotation><filename>frame_1144.jpg</filename><size><height>482</height><width>640</width><depth>3</depth></size><object><name>Person</name><difficult>0</difficult><bndbox><xmin>419</xmin><ymin>132</ymin><xmax>457</xmax><ymax>202</ymax></bndbox></object><object><name>Person</name><difficult>0</difficult><bndbox><xmin>450</xmin><ymin>213</ymin><xmax>490</xmax><ymax>303</ymax></bndbox></object><object><name>Car</name><difficult>0</difficult><bndbox><xmin>300</xmin><ymin>330</ymin><xmax>419</xmax><ymax>481</ymax></bndbox></object><object><name>Car</name><difficult>0</difficult><bndbox><xmin>314</xmin><ymin>46</ymin><xmax>379</xmax><ymax>134</ymax></bndbox></object></annotation>