<annotation><filename>frame_1118.jpg</filename><size><height>482</height><width>640</width><depth>3</depth></size><object><name>Auto</name><difficult>0</difficult><bndbox><xmin>357</xmin><ymin>44</ymin><xmax>422</xmax><ymax>163</ymax></bndbox></object><object><name>Person</name><difficult>0</difficult><bndbox><xmin>470</xmin><ymin>52</ymin><xmax>492</xmax><ymax>112</ymax></bndbox></object><object><name>Person</name><difficult>0</difficult><bndbox><xmin>324</xmin><ymin>218</ymin><xmax>362</xmax><ymax>305</ymax></bndbox></object><object><name>Person</name><difficult>0</difficult><bndbox><xmin>435</xmin><ymin>217</ymin><xmax>472</xmax><ymax>314</ymax></bndbox></object></annotation>