<annotation><filename>frame_17.jpg</filename><size><height>482</height><width>640</width><depth>3</depth></size><object><name>Person</name><difficult>0</difficult><bndbox><xmin>278</xmin><ymin>194</ymin><xmax>319</xmax><ymax>284</ymax></bndbox></object><object><name>Person</name><difficult>0</difficult><bndbox><xmin>490</xmin><ymin>80</ymin><xmax>528</xmax><ymax>150</ymax></bndbox></object><object><name>Person</name><difficult>0</difficult><bndbox><xmin>517</xmin><ymin>290</ymin><xmax>565</xmax><ymax>394</ymax></bndbox></object><object><name>Person</name><difficult>0</difficult><bndbox><xmin>390</xmin><ymin>246</ymin><xmax>426</xmax><ymax>339</ymax></bndbox></object><object><name>Person</name><difficult>0</difficult><bndbox><xmin>453</xmin><ymin>156</ymin><xmax>487</xmax><ymax>238</ymax></bndbox></object><object><name>Car</name><difficult>0</difficult><bndbox><xmin>264</xmin><ymin>358</ymin><xmax>371</xmax><ymax>479</ymax></bndbox></object><object><name>Auto</name><difficult>0</difficult><bndbox><xmin>441</xmin><ymin>24</ymin><xmax>493</xmax><ymax>47</ymax></bndbox></object></annotation>