<annotation><filename>frame_145.jpg</filename><size><height>482</height><width>640</width><depth>3</depth></size><object><name>Person</name><difficult>0</difficult><bndbox><xmin>191</xmin><ymin>250</ymin><xmax>228</xmax><ymax>349</ymax></bndbox></object><object><name>Person</name><difficult>0</difficult><bndbox><xmin>251</xmin><ymin>112</ymin><xmax>291</xmax><ymax>195</ymax></bndbox></object><object><name>Person</name><difficult>0</difficult><bndbox><xmin>364</xmin><ymin>77</ymin><xmax>389</xmax><ymax>147</ymax></bndbox></object><object><name>Person</name><difficult>0</difficult><bndbox><xmin>520</xmin><ymin>46</ymin><xmax>548</xmax><ymax>105</ymax></bndbox></object><object><name>Car</name><difficult>0</difficult><bndbox><xmin>358</xmin><ymin>24</ymin><xmax>423</xmax><ymax>101</ymax></bndbox></object></annotation>