<annotation><filename>frame_284.jpg</filename><size><height>482</height><width>640</width><depth>3</depth></size><object><name>Car</name><difficult>0</difficult><bndbox><xmin>288</xmin><ymin>259</ymin><xmax>413</xmax><ymax>392</ymax></bndbox></object><object><name>Person</name><difficult>0</difficult><bndbox><xmin>207</xmin><ymin>184</ymin><xmax>243</xmax><ymax>264</ymax></bndbox></object><object><name>Person</name><difficult>0</difficult><bndbox><xmin>507</xmin><ymin>41</ymin><xmax>534</xmax><ymax>91</ymax></bndbox></object><object><name>Auto</name><difficult>0</difficult><bndbox><xmin>426</xmin><ymin>24</ymin><xmax>487</xmax><ymax>65</ymax></bndbox></object></annotation>