<annotation><filename>frame_316.jpg</filename><size><height>482</height><width>640</width><depth>3</depth></size><object><name>Car</name><difficult>0</difficult><bndbox><xmin>179</xmin><ymin>222</ymin><xmax>271</xmax><ymax>348</ymax></bndbox></object><object><name>Car</name><difficult>0</difficult><bndbox><xmin>490</xmin><ymin>194</ymin><xmax>585</xmax><ymax>307</ymax></bndbox></object><object><name>Person</name><difficult>0</difficult><bndbox><xmin>370</xmin><ymin>368</ymin><xmax>453</xmax><ymax>480</ymax></bndbox></object><object><name>Person</name><difficult>0</difficult><bndbox><xmin>267</xmin><ymin>112</ymin><xmax>311</xmax><ymax>177</ymax></bndbox></object><object><name>Person</name><difficult>0</difficult><bndbox><xmin>320</xmin><ymin>33</ymin><xmax>352</xmax><ymax>98</ymax></bndbox></object><object><name>Bus</name><difficult>0</difficult><bndbox><xmin>353</xmin><ymin>63</ymin><xmax>471</xmax><ymax>292</ymax></bndbox></object></annotation>