<annotation><filename>frame_324.jpg</filename><size><height>482</height><width>640</width><depth>3</depth></size><object><name>Bus</name><difficult>0</difficult><bndbox><xmin>310</xmin><ymin>49</ymin><xmax>414</xmax><ymax>239</ymax></bndbox></object><object><name>Person</name><difficult>0</difficult><bndbox><xmin>500</xmin><ymin>31</ymin><xmax>539</xmax><ymax>95</ymax></bndbox></object><object><name>Person</name><difficult>0</difficult><bndbox><xmin>509</xmin><ymin>331</ymin><xmax>576</xmax><ymax>460</ymax></bndbox></object><object><name>Car</name><difficult>0</difficult><bndbox><xmin>97</xmin><ymin>378</ymin><xmax>209</xmax><ymax>482</ymax></bndbox></object><object><name>Car</name><difficult>0</difficult><bndbox><xmin>333</xmin><ymin>17</ymin><xmax>404</xmax><ymax>57</ymax></bndbox></object><object><name>Car</name><difficult>0</difficult><bndbox><xmin>333</xmin><ymin>14</ymin><xmax>404</xmax><ymax>55</ymax></bndbox></object></annotation>