<annotation><filename>frame_157.jpg</filename><size><height>482</height><width>640</width><depth>3</depth></size><object><name>Auto</name><difficult>0</difficult><bndbox><xmin>177</xmin><ymin>172</ymin><xmax>281</xmax><ymax>326</ymax></bndbox></object><object><name>Person</name><difficult>0</difficult><bndbox><xmin>499</xmin><ymin>342</ymin><xmax>555</xmax><ymax>453</ymax></bndbox></object><object><name>Person</name><difficult>0</difficult><bndbox><xmin>332</xmin><ymin>244</ymin><xmax>383</xmax><ymax>339</ymax></bndbox></object><object><name>Bus</name><difficult>0</difficult><bndbox><xmin>363</xmin><ymin>20</ymin><xmax>479</xmax><ymax>201</ymax></bndbox></object><object><name>Car</name><difficult>0</difficult><bndbox><xmin>230</xmin><ymin>94</ymin><xmax>309</xmax><ymax>173</ymax></bndbox></object><object><name>Car</name><difficult>0</difficult><bndbox><xmin>272</xmin><ymin>21</ymin><xmax>342</xmax><ymax>72</ymax></bndbox></object></annotation>