<annotation><filename>frame_212.jpg</filename><size><height>482</height><width>640</width><depth>3</depth></size><object><name>Car</name><difficult>0</difficult><bndbox><xmin>169</xmin><ymin>267</ymin><xmax>286</xmax><ymax>416</ymax></bndbox></object><object><name>Car</name><difficult>0</difficult><bndbox><xmin>457</xmin><ymin>143</ymin><xmax>528</xmax><ymax>237</ymax></bndbox></object><object><name>Car</name><difficult>0</difficult><bndbox><xmin>445</xmin><ymin>103</ymin><xmax>516</xmax><ymax>171</ymax></bndbox></object><object><name>Bus</name><difficult>0</difficult><bndbox><xmin>280</xmin><ymin>51</ymin><xmax>369</xmax><ymax>198</ymax></bndbox></object><object><name>Car</name><difficult>0</difficult><bndbox><xmin>366</xmin><ymin>41</ymin><xmax>427</xmax><ymax>117</ymax></bndbox></object><object><name>Person</name><difficult>0</difficult><bndbox><xmin>519</xmin><ymin>22</ymin><xmax>553</xmax><ymax>78</ymax></bndbox></object><object><name>Person</name><difficult>0</difficult><bndbox><xmin>456</xmin><ymin>23</ymin><xmax>488</xmax><ymax>82</ymax></bndbox></object></annotation>