<annotation><filename>frame_1068.jpg</filename><size><height>482</height><width>640</width><depth>3</depth></size><object><name>Person</name><difficult>0</difficult><bndbox><xmin>364</xmin><ymin>138</ymin><xmax>386</xmax><ymax>217</ymax></bndbox></object><object><name>Person</name><difficult>0</difficult><bndbox><xmin>437</xmin><ymin>195</ymin><xmax>467</xmax><ymax>278</ymax></bndbox></object><object><name>Person</name><difficult>0</difficult><bndbox><xmin>495</xmin><ymin>218</ymin><xmax>539</xmax><ymax>304</ymax></bndbox></object><object><name>Person</name><difficult>0</difficult><bndbox><xmin>437</xmin><ymin>337</ymin><xmax>487</xmax><ymax>431</ymax></bndbox></object><object><name>Person</name><difficult>0</difficult><bndbox><xmin>315</xmin><ymin>223</ymin><xmax>357</xmax><ymax>327</ymax></bndbox></object><object><name>Person</name><difficult>0</difficult><bndbox><xmin>402</xmin><ymin>246</ymin><xmax>438</xmax><ymax>337</ymax></bndbox></object><object><name>Person</name><difficult>0</difficult><bndbox><xmin>549</xmin><ymin>393</ymin><xmax>605</xmax><ymax>480</ymax></bndbox></object><object><name>Person</name><difficult>0</difficult><bndbox><xmin>177</xmin><ymin>397</ymin><xmax>229</xmax><ymax>479</ymax></bndbox></object><object><name>Car</name><difficult>0</difficult><bndbox><xmin>189</xmin><ymin>230</ymin><xmax>279</xmax><ymax>351</ymax></bndbox></object><object><name>Car</name><difficult>0</difficult><bndbox><xmin>291</xmin><ymin>42</ymin><xmax>356</xmax><ymax>145</ymax></bndbox></object></annotation>