<annotation><filename>frame_1198.jpg</filename><size><height>482</height><width>640</width><depth>3</depth></size><object><name>Car</name><difficult>0</difficult><bndbox><xmin>316</xmin><ymin>237</ymin><xmax>411</xmax><ymax>351</ymax></bndbox></object><object><name>Car</name><difficult>0</difficult><bndbox><xmin>291</xmin><ymin>51</ymin><xmax>355</xmax><ymax>126</ymax></bndbox></object><object><name>Car</name><difficult>0</difficult><bndbox><xmin>386</xmin><ymin>21</ymin><xmax>463</xmax><ymax>76</ymax></bndbox></object><object><name>Person</name><difficult>0</difficult><bndbox><xmin>511</xmin><ymin>80</ymin><xmax>558</xmax><ymax>146</ymax></bndbox></object></annotation>