<annotation><filename>frame_108.jpg</filename><size><height>482</height><width>640</width><depth>3</depth></size><object><name>Person</name><difficult>0</difficult><bndbox><xmin>345</xmin><ymin>147</ymin><xmax>380</xmax><ymax>225</ymax></bndbox></object><object><name>Person</name><difficult>0</difficult><bndbox><xmin>355</xmin><ymin>67</ymin><xmax>393</xmax><ymax>137</ymax></bndbox></object><object><name>Person</name><difficult>0</difficult><bndbox><xmin>512</xmin><ymin>24</ymin><xmax>545</xmax><ymax>70</ymax></bndbox></object><object><name>Person</name><difficult>0</difficult><bndbox><xmin>379</xmin><ymin>408</ymin><xmax>432</xmax><ymax>479</ymax></bndbox></object></annotation>