<annotation><filename>frame_224.jpg</filename><size><height>482</height><width>640</width><depth>3</depth></size><object><name>Bus</name><difficult>0</difficult><bndbox><xmin>226</xmin><ymin>81</ymin><xmax>327</xmax><ymax>247</ymax></bndbox></object><object><name>Auto</name><difficult>0</difficult><bndbox><xmin>356</xmin><ymin>157</ymin><xmax>432</xmax><ymax>268</ymax></bndbox></object><object><name>Auto</name><difficult>0</difficult><bndbox><xmin>369</xmin><ymin>22</ymin><xmax>419</xmax><ymax>70</ymax></bndbox></object><object><name>Car</name><difficult>0</difficult><bndbox><xmin>275</xmin><ymin>24</ymin><xmax>338</xmax><ymax>78</ymax></bndbox></object></annotation>