<annotation><filename>frame_20.jpg</filename><size><height>482</height><width>640</width><depth>3</depth></size><object><name>Person</name><difficult>0</difficult><bndbox><xmin>324</xmin><ymin>278</ymin><xmax>370</xmax><ymax>384</ymax></bndbox></object><object><name>Person</name><difficult>0</difficult><bndbox><xmin>381</xmin><ymin>24</ymin><xmax>411</xmax><ymax>76</ymax></bndbox></object><object><name>Auto</name><difficult>0</difficult><bndbox><xmin>290</xmin><ymin>24</ymin><xmax>358</xmax><ymax>114</ymax></bndbox></object><object><name>Person</name><difficult>0</difficult><bndbox><xmin>491</xmin><ymin>39</ymin><xmax>520</xmax><ymax>102</ymax></bndbox></object></annotation>