<annotation><filename>frame_188.jpg</filename><size><height>482</height><width>640</width><depth>3</depth></size><object><name>Car</name><difficult>0</difficult><bndbox><xmin>360</xmin><ymin>63</ymin><xmax>434</xmax><ymax>145</ymax></bndbox></object><object><name>Person</name><difficult>0</difficult><bndbox><xmin>268</xmin><ymin>43</ymin><xmax>300</xmax><ymax>103</ymax></bndbox></object><object><name>Person</name><difficult>0</difficult><bndbox><xmin>320</xmin><ymin>41</ymin><xmax>355</xmax><ymax>105</ymax></bndbox></object><object><name>Person</name><difficult>0</difficult><bndbox><xmin>70</xmin><ymin>300</ymin><xmax>116</xmax><ymax>399</ymax></bndbox></object><object><name>Person</name><difficult>0</difficult><bndbox><xmin>535</xmin><ymin>321</ymin><xmax>583</xmax><ymax>428</ymax></bndbox></object><object><name>Auto</name><difficult>0</difficult><bndbox><xmin>469</xmin><ymin>23</ymin><xmax>518</xmax><ymax>66</ymax></bndbox></object></annotation>