<annotation><filename>frame_1177.jpg</filename><size><height>482</height><width>640</width><depth>3</depth></size><object><name>Auto</name><difficult>0</difficult><bndbox><xmin>378</xmin><ymin>109</ymin><xmax>437</xmax><ymax>182</ymax></bndbox></object><object><name>Car</name><difficult>0</difficult><bndbox><xmin>247</xmin><ymin>131</ymin><xmax>332</xmax><ymax>236</ymax></bndbox></object><object><name>Person</name><difficult>0</difficult><bndbox><xmin>449</xmin><ymin>26</ymin><xmax>470</xmax><ymax>84</ymax></bndbox></object><object><name>Person</name><difficult>0</difficult><bndbox><xmin>310</xmin><ymin>46</ymin><xmax>347</xmax><ymax>109</ymax></bndbox></object><object><name>Person</name><difficult>0</difficult><bndbox><xmin>530</xmin><ymin>85</ymin><xmax>562</xmax><ymax>154</ymax></bndbox></object><object><name>Person</name><difficult>0</difficult><bndbox><xmin>484</xmin><ymin>114</ymin><xmax>524</xmax><ymax>200</ymax></bndbox></object><object><name>Person</name><difficult>0</difficult><bndbox><xmin>266</xmin><ymin>364</ymin><xmax>340</xmax><ymax>476</ymax></bndbox></object><object><name>Person</name><difficult>0</difficult><bndbox><xmin>106</xmin><ymin>334</ymin><xmax>177</xmax><ymax>459</ymax></bndbox></object><object><name>Person</name><difficult>0</difficult><bndbox><xmin>504</xmin><ymin>407</ymin><xmax>575</xmax><ymax>479</ymax></bndbox></object></annotation>