<annotation><filename>frame_1188.jpg</filename><size><height>482</height><width>640</width><depth>3</depth></size><object><name>Car</name><difficult>0</difficult><bndbox><xmin>334</xmin><ymin>179</ymin><xmax>422</xmax><ymax>318</ymax></bndbox></object><object><name>Car</name><difficult>0</difficult><bndbox><xmin>174</xmin><ymin>203</ymin><xmax>278</xmax><ymax>361</ymax></bndbox></object><object><name>Car</name><difficult>0</difficult><bndbox><xmin>322</xmin><ymin>57</ymin><xmax>381</xmax><ymax>140</ymax></bndbox></object><object><name>Car</name><difficult>0</difficult><bndbox><xmin>416</xmin><ymin>22</ymin><xmax>474</xmax><ymax>66</ymax></bndbox></object><object><name>Person</name><difficult>0</difficult><bndbox><xmin>526</xmin><ymin>237</ymin><xmax>553</xmax><ymax>340</ymax></bndbox></object><object><name>Person</name><difficult>0</difficult><bndbox><xmin>466</xmin><ymin>92</ymin><xmax>494</xmax><ymax>171</ymax></bndbox></object><object><name>Person</name><difficult>0</difficult><bndbox><xmin>403</xmin><ymin>91</ymin><xmax>429</xmax><ymax>164</ymax></bndbox></object><object><name>Person</name><difficult>0</difficult><bndbox><xmin>389</xmin><ymin>31</ymin><xmax>415</xmax><ymax>94</ymax></bndbox></object><object><name>Person</name><difficult>0</difficult><bndbox><xmin>256</xmin><ymin>63</ymin><xmax>290</xmax><ymax>131</ymax></bndbox></object><object><name>Person</name><difficult>0</difficult><bndbox><xmin>285</xmin><ymin>24</ymin><xmax>313</xmax><ymax>74</ymax></bndbox></object></annotation>