<annotation><filename>frame_229.jpg</filename><size><height>482</height><width>640</width><depth>3</depth></size><object><name>Bus</name><difficult>0</difficult><bndbox><xmin>403</xmin><ymin>37</ymin><xmax>544</xmax><ymax>314</ymax></bndbox></object><object><name>Auto</name><difficult>0</difficult><bndbox><xmin>256</xmin><ymin>23</ymin><xmax>326</xmax><ymax>86</ymax></bndbox></object><object><name>Car</name><difficult>0</difficult><bndbox><xmin>309</xmin><ymin>65</ymin><xmax>388</xmax><ymax>153</ymax></bndbox></object><object><name>Person</name><difficult>0</difficult><bndbox><xmin>225</xmin><ymin>222</ymin><xmax>276</xmax><ymax>308</ymax></bndbox></object><object><name>Bus</name><difficult>0</difficult><bndbox><xmin>118</xmin><ymin>296</ymin><xmax>288</xmax><ymax>481</ymax></bndbox></object><object><name>Person</name><difficult>0</difficult><bndbox><xmin>484</xmin><ymin>15</ymin><xmax>513</xmax><ymax>54</ymax></bndbox></object></annotation>