<annotation><filename>frame_1115.jpg</filename><size><height>482</height><width>640</width><depth>3</depth></size><object><name>Person</name><difficult>0</difficult><bndbox><xmin>490</xmin><ymin>90</ymin><xmax>525</xmax><ymax>164</ymax></bndbox></object><object><name>Person</name><difficult>0</difficult><bndbox><xmin>376</xmin><ymin>267</ymin><xmax>410</xmax><ymax>357</ymax></bndbox></object><object><name>Person</name><difficult>0</difficult><bndbox><xmin>479</xmin><ymin>379</ymin><xmax>539</xmax><ymax>479</ymax></bndbox></object><object><name>Person</name><difficult>0</difficult><bndbox><xmin>401</xmin><ymin>338</ymin><xmax>453</xmax><ymax>440</ymax></bndbox></object><object><name>Person</name><difficult>0</difficult><bndbox><xmin>437</xmin><ymin>67</ymin><xmax>463</xmax><ymax>124</ymax></bndbox></object><object><name>Person</name><difficult>0</difficult><bndbox><xmin>422</xmin><ymin>25</ymin><xmax>458</xmax><ymax>83</ymax></bndbox></object><object><name>Car</name><difficult>0</difficult><bndbox><xmin>117</xmin><ymin>386</ymin><xmax>253</xmax><ymax>481</ymax></bndbox></object><object><name>Car</name><difficult>0</difficult><bndbox><xmin>335</xmin><ymin>195</ymin><xmax>435</xmax><ymax>296</ymax></bndbox></object><object><name>Car</name><difficult>0</difficult><bndbox><xmin>176</xmin><ymin>195</ymin><xmax>279</xmax><ymax>299</ymax></bndbox></object><object><name>Car</name><difficult>0</difficult><bndbox><xmin>281</xmin><ymin>84</ymin><xmax>371</xmax><ymax>195</ymax></bndbox></object></annotation>