<annotation><filename>frame_323.jpg</filename><size><height>482</height><width>640</width><depth>3</depth></size><object><name>Car</name><difficult>0</difficult><bndbox><xmin>215</xmin><ymin>333</ymin><xmax>325</xmax><ymax>472</ymax></bndbox></object><object><name>Car</name><difficult>0</difficult><bndbox><xmin>251</xmin><ymin>68</ymin><xmax>330</xmax><ymax>142</ymax></bndbox></object><object><name>Car</name><difficult>0</difficult><bndbox><xmin>357</xmin><ymin>56</ymin><xmax>417</xmax><ymax>151</ymax></bndbox></object><object><name>Person</name><difficult>0</difficult><bndbox><xmin>425</xmin><ymin>104</ymin><xmax>465</xmax><ymax>190</ymax></bndbox></object><object><name>Person</name><difficult>0</difficult><bndbox><xmin>478</xmin><ymin>66</ymin><xmax>519</xmax><ymax>132</ymax></bndbox></object></annotation>