<annotation><filename>frame_1156.jpg</filename><size><height>482</height><width>640</width><depth>3</depth></size><object><name>Car</name><difficult>0</difficult><bndbox><xmin>261</xmin><ymin>63</ymin><xmax>326</xmax><ymax>152</ymax></bndbox></object><object><name>Car</name><difficult>0</difficult><bndbox><xmin>382</xmin><ymin>35</ymin><xmax>454</xmax><ymax>119</ymax></bndbox></object><object><name>Person</name><difficult>0</difficult><bndbox><xmin>514</xmin><ymin>31</ymin><xmax>540</xmax><ymax>84</ymax></bndbox></object><object><name>Person</name><difficult>0</difficult><bndbox><xmin>510</xmin><ymin>100</ymin><xmax>542</xmax><ymax>160</ymax></bndbox></object><object><name>Person</name><difficult>0</difficult><bndbox><xmin>384</xmin><ymin>178</ymin><xmax>434</xmax><ymax>264</ymax></bndbox></object><object><name>Person</name><difficult>0</difficult><bndbox><xmin>508</xmin><ymin>299</ymin><xmax>549</xmax><ymax>399</ymax></bndbox></object><object><name>Car</name><difficult>0</difficult><bndbox><xmin>148</xmin><ymin>283</ymin><xmax>263</xmax><ymax>417</ymax></bndbox></object><object><name>Car</name><difficult>0</difficult><bndbox><xmin>308</xmin><ymin>423</ymin><xmax>422</xmax><ymax>476</ymax></bndbox></object></annotation>