<annotation><filename>frame_307.jpg</filename><size><height>482</height><width>640</width><depth>3</depth></size><object><name>Bus</name><difficult>0</difficult><bndbox><xmin>259</xmin><ymin>238</ymin><xmax>470</xmax><ymax>480</ymax></bndbox></object><object><name>Person</name><difficult>0</difficult><bndbox><xmin>452</xmin><ymin>31</ymin><xmax>489</xmax><ymax>98</ymax></bndbox></object><object><name>Car</name><difficult>0</difficult><bndbox><xmin>210</xmin><ymin>175</ymin><xmax>301</xmax><ymax>272</ymax></bndbox></object><object><name>Car</name><difficult>0</difficult><bndbox><xmin>68</xmin><ymin>375</ymin><xmax>184</xmax><ymax>482</ymax></bndbox></object><object><name>Bus</name><difficult>0</difficult><bndbox><xmin>283</xmin><ymin>17</ymin><xmax>362</xmax><ymax>106</ymax></bndbox></object></annotation>