<annotation><filename>frame_143.jpg</filename><size><height>482</height><width>640</width><depth>3</depth></size><object><name>Auto</name><difficult>0</difficult><bndbox><xmin>481</xmin><ymin>78</ymin><xmax>539</xmax><ymax>169</ymax></bndbox></object><object><name>Car</name><difficult>0</difficult><bndbox><xmin>289</xmin><ymin>20</ymin><xmax>340</xmax><ymax>77</ymax></bndbox></object><object><name>Bus</name><difficult>0</difficult><bndbox><xmin>382</xmin><ymin>22</ymin><xmax>445</xmax><ymax>89</ymax></bndbox></object></annotation>