<annotation><filename>frame_1113.jpg</filename><size><height>482</height><width>640</width><depth>3</depth></size><object><name>Car</name><difficult>0</difficult><bndbox><xmin>238</xmin><ymin>85</ymin><xmax>327</xmax><ymax>176</ymax></bndbox></object><object><name>Auto</name><difficult>0</difficult><bndbox><xmin>393</xmin><ymin>281</ymin><xmax>478</xmax><ymax>419</ymax></bndbox></object><object><name>Person</name><difficult>0</difficult><bndbox><xmin>417</xmin><ymin>58</ymin><xmax>455</xmax><ymax>124</ymax></bndbox></object><object><name>Person</name><difficult>0</difficult><bndbox><xmin>395</xmin><ymin>142</ymin><xmax>437</xmax><ymax>218</ymax></bndbox></object><object><name>Person</name><difficult>0</difficult><bndbox><xmin>528</xmin><ymin>241</ymin><xmax>586</xmax><ymax>330</ymax></bndbox></object><object><name>Person</name><difficult>0</difficult><bndbox><xmin>501</xmin><ymin>308</ymin><xmax>546</xmax><ymax>422</ymax></bndbox></object><object><name>Person</name><difficult>0</difficult><bndbox><xmin>505</xmin><ymin>22</ymin><xmax>546</xmax><ymax>69</ymax></bndbox></object><object><name>Car</name><difficult>0</difficult><bndbox><xmin>215</xmin><ymin>429</ymin><xmax>328</xmax><ymax>478</ymax></bndbox></object></annotation>