<annotation><filename>frame_222.jpg</filename><size><height>482</height><width>640</width><depth>3</depth></size><object><name>Car</name><difficult>0</difficult><bndbox><xmin>326</xmin><ymin>230</ymin><xmax>444</xmax><ymax>358</ymax></bndbox></object><object><name>Car</name><difficult>0</difficult><bndbox><xmin>104</xmin><ymin>389</ymin><xmax>245</xmax><ymax>480</ymax></bndbox></object><object><name>Auto</name><difficult>0</difficult><bndbox><xmin>480</xmin><ymin>159</ymin><xmax>551</xmax><ymax>266</ymax></bndbox></object><object><name>Person</name><difficult>0</difficult><bndbox><xmin>378</xmin><ymin>115</ymin><xmax>429</xmax><ymax>193</ymax></bndbox></object></annotation>