<annotation><filename>frame_1061.jpg</filename><size><height>482</height><width>640</width><depth>3</depth></size><object><name>Auto</name><difficult>0</difficult><bndbox><xmin>253</xmin><ymin>33</ymin><xmax>324</xmax><ymax>149</ymax></bndbox></object><object><name>Person</name><difficult>0</difficult><bndbox><xmin>460</xmin><ymin>120</ymin><xmax>490</xmax><ymax>189</ymax></bndbox></object><object><name>Car</name><difficult>0</difficult><bndbox><xmin>342</xmin><ymin>369</ymin><xmax>479</xmax><ymax>480</ymax></bndbox></object><object><name>Car</name><difficult>0</difficult><bndbox><xmin>326</xmin><ymin>131</ymin><xmax>399</xmax><ymax>223</ymax></bndbox></object><object><name>Car</name><difficult>0</difficult><bndbox><xmin>320</xmin><ymin>17</ymin><xmax>388</xmax><ymax>72</ymax></bndbox></object><object><name>Auto</name><difficult>0</difficult><bndbox><xmin>457</xmin><ymin>12</ymin><xmax>523</xmax><ymax>71</ymax></bndbox></object><object><name>Person</name><difficult>0</difficult><bndbox><xmin>226</xmin><ymin>415</ymin><xmax>284</xmax><ymax>482</ymax></bndbox></object></annotation>