<annotation><filename>frame_1123.jpg</filename><size><height>482</height><width>640</width><depth>3</depth></size><object><name>Car</name><difficult>0</difficult><bndbox><xmin>289</xmin><ymin>134</ymin><xmax>376</xmax><ymax>223</ymax></bndbox></object><object><name>Car</name><difficult>0</difficult><bndbox><xmin>179</xmin><ymin>240</ymin><xmax>276</xmax><ymax>388</ymax></bndbox></object><object><name>Person</name><difficult>0</difficult><bndbox><xmin>467</xmin><ymin>142</ymin><xmax>504</xmax><ymax>227</ymax></bndbox></object></annotation>