<annotation><filename>frame_238.jpg</filename><size><height>482</height><width>640</width><depth>3</depth></size><object><name>Bus</name><difficult>0</difficult><bndbox><xmin>279</xmin><ymin>168</ymin><xmax>406</xmax><ymax>377</ymax></bndbox></object><object><name>Car</name><difficult>0</difficult><bndbox><xmin>288</xmin><ymin>33</ymin><xmax>355</xmax><ymax>107</ymax></bndbox></object><object><name>Person</name><difficult>0</difficult><bndbox><xmin>417</xmin><ymin>80</ymin><xmax>451</xmax><ymax>138</ymax></bndbox></object><object><name>Person</name><difficult>0</difficult><bndbox><xmin>433</xmin><ymin>162</ymin><xmax>476</xmax><ymax>246</ymax></bndbox></object><object><name>Person</name><difficult>0</difficult><bndbox><xmin>491</xmin><ymin>59</ymin><xmax>527</xmax><ymax>123</ymax></bndbox></object><object><name>Car</name><difficult>0</difficult><bndbox><xmin>491</xmin><ymin>402</ymin><xmax>610</xmax><ymax>479</ymax></bndbox></object></annotation>