<annotation><filename>frame_1101.jpg</filename><size><height>482</height><width>640</width><depth>3</depth></size><object><name>Person</name><difficult>0</difficult><bndbox><xmin>370</xmin><ymin>85</ymin><xmax>416</xmax><ymax>155</ymax></bndbox></object><object><name>Car</name><difficult>0</difficult><bndbox><xmin>262</xmin><ymin>85</ymin><xmax>329</xmax><ymax>171</ymax></bndbox></object><object><name>Car</name><difficult>0</difficult><bndbox><xmin>389</xmin><ymin>168</ymin><xmax>481</xmax><ymax>275</ymax></bndbox></object></annotation>