<annotation><filename>frame_1094.jpg</filename><size><height>482</height><width>640</width><depth>3</depth></size><object><name>Person</name><difficult>0</difficult><bndbox><xmin>407</xmin><ymin>33</ymin><xmax>443</xmax><ymax>92</ymax></bndbox></object><object><name>Person</name><difficult>0</difficult><bndbox><xmin>414</xmin><ymin>215</ymin><xmax>458</xmax><ymax>305</ymax></bndbox></object><object><name>Person</name><difficult>0</difficult><bndbox><xmin>298</xmin><ymin>136</ymin><xmax>342</xmax><ymax>204</ymax></bndbox></object><object><name>Person</name><difficult>0</difficult><bndbox><xmin>218</xmin><ymin>272</ymin><xmax>269</xmax><ymax>381</ymax></bndbox></object><object><name>Person</name><difficult>0</difficult><bndbox><xmin>283</xmin><ymin>331</ymin><xmax>342</xmax><ymax>447</ymax></bndbox></object></annotation>