<annotation><filename>frame_1007.jpg</filename><size><height>482</height><width>640</width><depth>3</depth></size><object><name>Person</name><difficult>0</difficult><bndbox><xmin>255</xmin><ymin>389</ymin><xmax>308</xmax><ymax>482</ymax></bndbox></object><object><name>Person</name><difficult>0</difficult><bndbox><xmin>248</xmin><ymin>311</ymin><xmax>293</xmax><ymax>408</ymax></bndbox></object><object><name>Person</name><difficult>0</difficult><bndbox><xmin>535</xmin><ymin>84</ymin><xmax>566</xmax><ymax>147</ymax></bndbox></object><object><name>Car</name><difficult>0</difficult><bndbox><xmin>347</xmin><ymin>284</ymin><xmax>468</xmax><ymax>473</ymax></bndbox></object><object><name>Car</name><difficult>0</difficult><bndbox><xmin>337</xmin><ymin>87</ymin><xmax>415</xmax><ymax>171</ymax></bndbox></object><object><name>Car</name><difficult>0</difficult><bndbox><xmin>138</xmin><ymin>245</ymin><xmax>239</xmax><ymax>359</ymax></bndbox></object><object><name>Person</name><difficult>0</difficult><bndbox><xmin>341</xmin><ymin>26</ymin><xmax>367</xmax><ymax>81</ymax></bndbox></object></annotation>