<annotation><filename>frame_185.jpg</filename><size><height>482</height><width>640</width><depth>3</depth></size><object><name>Car</name><difficult>0</difficult><bndbox><xmin>281</xmin><ymin>24</ymin><xmax>342</xmax><ymax>90</ymax></bndbox></object><object><name>Person</name><difficult>0</difficult><bndbox><xmin>511</xmin><ymin>38</ymin><xmax>540</xmax><ymax>108</ymax></bndbox></object><object><name>Person</name><difficult>0</difficult><bndbox><xmin>479</xmin><ymin>145</ymin><xmax>520</xmax><ymax>229</ymax></bndbox></object></annotation>