<annotation><filename>frame_1016.jpg</filename><size><height>482</height><width>640</width><depth>3</depth></size><object><name>Auto</name><difficult>0</difficult><bndbox><xmin>330</xmin><ymin>141</ymin><xmax>384</xmax><ymax>245</ymax></bndbox></object><object><name>Person</name><difficult>0</difficult><bndbox><xmin>291</xmin><ymin>98</ymin><xmax>326</xmax><ymax>167</ymax></bndbox></object><object><name>Person</name><difficult>0</difficult><bndbox><xmin>274</xmin><ymin>190</ymin><xmax>307</xmax><ymax>277</ymax></bndbox></object><object><name>Car</name><difficult>0</difficult><bndbox><xmin>450</xmin><ymin>222</ymin><xmax>565</xmax><ymax>353</ymax></bndbox></object><object><name>Car</name><difficult>0</difficult><bndbox><xmin>399</xmin><ymin>104</ymin><xmax>473</xmax><ymax>191</ymax></bndbox></object><object><name>Person</name><difficult>0</difficult><bndbox><xmin>477</xmin><ymin>22</ymin><xmax>513</xmax><ymax>80</ymax></bndbox></object><object><name>Car</name><difficult>0</difficult><bndbox><xmin>367</xmin><ymin>18</ymin><xmax>440</xmax><ymax>87</ymax></bndbox></object></annotation>