<annotation><filename>frame_163.jpg</filename><size><height>482</height><width>640</width><depth>3</depth></size><object><name>Person</name><difficult>0</difficult><bndbox><xmin>320</xmin><ymin>69</ymin><xmax>356</xmax><ymax>137</ymax></bndbox></object><object><name>Person</name><difficult>0</difficult><bndbox><xmin>155</xmin><ymin>280</ymin><xmax>192</xmax><ymax>377</ymax></bndbox></object><object><name>Person</name><difficult>0</difficult><bndbox><xmin>362</xmin><ymin>270</ymin><xmax>409</xmax><ymax>367</ymax></bndbox></object></annotation>