<annotation><filename>frame_247.jpg</filename><size><height>482</height><width>640</width><depth>3</depth></size><object><name>Car</name><difficult>0</difficult><bndbox><xmin>310</xmin><ymin>128</ymin><xmax>396</xmax><ymax>219</ymax></bndbox></object><object><name>Car</name><difficult>0</difficult><bndbox><xmin>366</xmin><ymin>34</ymin><xmax>432</xmax><ymax>108</ymax></bndbox></object><object><name>Person</name><difficult>0</difficult><bndbox><xmin>447</xmin><ymin>103</ymin><xmax>482</xmax><ymax>162</ymax></bndbox></object><object><name>Person</name><difficult>0</difficult><bndbox><xmin>493</xmin><ymin>135</ymin><xmax>527</xmax><ymax>229</ymax></bndbox></object><object><name>Person</name><difficult>0</difficult><bndbox><xmin>203</xmin><ymin>128</ymin><xmax>249</xmax><ymax>215</ymax></bndbox></object></annotation>