<annotation><filename>frame_210.jpg</filename><size><height>482</height><width>640</width><depth>3</depth></size><object><name>Car</name><difficult>0</difficult><bndbox><xmin>122</xmin><ymin>340</ymin><xmax>246</xmax><ymax>478</ymax></bndbox></object><object><name>Car</name><difficult>0</difficult><bndbox><xmin>320</xmin><ymin>150</ymin><xmax>404</xmax><ymax>260</ymax></bndbox></object><object><name>Car</name><difficult>0</difficult><bndbox><xmin>305</xmin><ymin>25</ymin><xmax>394</xmax><ymax>106</ymax></bndbox></object><object><name>Person</name><difficult>0</difficult><bndbox><xmin>436</xmin><ymin>121</ymin><xmax>477</xmax><ymax>214</ymax></bndbox></object><object><name>Person</name><difficult>0</difficult><bndbox><xmin>469</xmin><ymin>310</ymin><xmax>518</xmax><ymax>428</ymax></bndbox></object></annotation>