<annotation><filename>frame_1065.jpg</filename><size><height>482</height><width>640</width><depth>3</depth></size><object><name>Car</name><difficult>0</difficult><bndbox><xmin>342</xmin><ymin>251</ymin><xmax>469</xmax><ymax>383</ymax></bndbox></object><object><name>Person</name><difficult>0</difficult><bndbox><xmin>447</xmin><ymin>36</ymin><xmax>487</xmax><ymax>95</ymax></bndbox></object><object><name>Person</name><difficult>0</difficult><bndbox><xmin>247</xmin><ymin>308</ymin><xmax>299</xmax><ymax>426</ymax></bndbox></object><object><name>Car</name><difficult>0</difficult><bndbox><xmin>313</xmin><ymin>49</ymin><xmax>386</xmax><ymax>134</ymax></bndbox></object></annotation>