<annotation><filename>frame_1071.jpg</filename><size><height>482</height><width>640</width><depth>3</depth></size><object><name>Person</name><difficult>0</difficult><bndbox><xmin>493</xmin><ymin>200</ymin><xmax>529</xmax><ymax>288</ymax></bndbox></object><object><name>Person</name><difficult>0</difficult><bndbox><xmin>326</xmin><ymin>23</ymin><xmax>358</xmax><ymax>70</ymax></bndbox></object><object><name>Person</name><difficult>0</difficult><bndbox><xmin>218</xmin><ymin>97</ymin><xmax>261</xmax><ymax>169</ymax></bndbox></object><object><name>Person</name><difficult>0</difficult><bndbox><xmin>420</xmin><ymin>15</ymin><xmax>452</xmax><ymax>69</ymax></bndbox></object><object><name>Person</name><difficult>0</difficult><bndbox><xmin>496</xmin><ymin>25</ymin><xmax>520</xmax><ymax>84</ymax></bndbox></object></annotation>