<annotation><filename>frame_1047.jpg</filename><size><height>482</height><width>640</width><depth>3</depth></size><object><name>Car</name><difficult>0</difficult><bndbox><xmin>182</xmin><ymin>208</ymin><xmax>299</xmax><ymax>346</ymax></bndbox></object><object><name>Auto</name><difficult>0</difficult><bndbox><xmin>435</xmin><ymin>28</ymin><xmax>482</xmax><ymax>60</ymax></bndbox></object><object><name>Person</name><difficult>0</difficult><bndbox><xmin>538</xmin><ymin>250</ymin><xmax>587</xmax><ymax>346</ymax></bndbox></object></annotation>