<annotation><filename>frame_1046.jpg</filename><size><height>482</height><width>640</width><depth>3</depth></size><object><name>Person</name><difficult>0</difficult><bndbox><xmin>505</xmin><ymin>57</ymin><xmax>548</xmax><ymax>116</ymax></bndbox></object><object><name>Person</name><difficult>0</difficult><bndbox><xmin>140</xmin><ymin>394</ymin><xmax>193</xmax><ymax>476</ymax></bndbox></object><object><name>Bus</name><difficult>0</difficult><bndbox><xmin>315</xmin><ymin>291</ymin><xmax>453</xmax><ymax>479</ymax></bndbox></object><object><name>Auto</name><difficult>0</difficult><bndbox><xmin>197</xmin><ymin>178</ymin><xmax>306</xmax><ymax>361</ymax></bndbox></object><object><name>Car</name><difficult>0</difficult><bndbox><xmin>300</xmin><ymin>17</ymin><xmax>367</xmax><ymax>72</ymax></bndbox></object><object><name>Car</name><difficult>0</difficult><bndbox><xmin>350</xmin><ymin>79</ymin><xmax>420</xmax><ymax>169</ymax></bndbox></object></annotation>