<annotation><filename>frame_1152.jpg</filename><size><height>482</height><width>640</width><depth>3</depth></size><object><name>Auto</name><difficult>0</difficult><bndbox><xmin>287</xmin><ymin>25</ymin><xmax>351</xmax><ymax>96</ymax></bndbox></object><object><name>Car</name><difficult>0</difficult><bndbox><xmin>390</xmin><ymin>65</ymin><xmax>445</xmax><ymax>129</ymax></bndbox></object><object><name>Person</name><difficult>0</difficult><bndbox><xmin>498</xmin><ymin>266</ymin><xmax>541</xmax><ymax>355</ymax></bndbox></object><object><name>Person</name><difficult>0</difficult><bndbox><xmin>486</xmin><ymin>367</ymin><xmax>540</xmax><ymax>477</ymax></bndbox></object></annotation>