<annotation><filename>frame_226.jpg</filename><size><height>482</height><width>640</width><depth>3</depth></size><object><name>Car</name><difficult>0</difficult><bndbox><xmin>170</xmin><ymin>231</ymin><xmax>271</xmax><ymax>354</ymax></bndbox></object><object><name>Person</name><difficult>0</difficult><bndbox><xmin>342</xmin><ymin>40</ymin><xmax>378</xmax><ymax>83</ymax></bndbox></object><object><name>Car</name><difficult>0</difficult><bndbox><xmin>293</xmin><ymin>77</ymin><xmax>374</xmax><ymax>166</ymax></bndbox></object><object><name>Person</name><difficult>0</difficult><bndbox><xmin>248</xmin><ymin>119</ymin><xmax>285</xmax><ymax>203</ymax></bndbox></object><object><name>Person</name><difficult>0</difficult><bndbox><xmin>359</xmin><ymin>192</ymin><xmax>398</xmax><ymax>295</ymax></bndbox></object><object><name>Person</name><difficult>0</difficult><bndbox><xmin>523</xmin><ymin>337</ymin><xmax>566</xmax><ymax>452</ymax></bndbox></object><object><name>Car</name><difficult>0</difficult><bndbox><xmin>401</xmin><ymin>59</ymin><xmax>459</xmax><ymax>135</ymax></bndbox></object><object><name>Person</name><difficult>0</difficult><bndbox><xmin>491</xmin><ymin>82</ymin><xmax>538</xmax><ymax>158</ymax></bndbox></object></annotation>