<annotation><filename>frame_1058.jpg</filename><size><height>482</height><width>640</width><depth>3</depth></size><object><name>Bus</name><difficult>0</difficult><bndbox><xmin>156</xmin><ymin>204</ymin><xmax>315</xmax><ymax>456</ymax></bndbox></object><object><name>Auto</name><difficult>0</difficult><bndbox><xmin>379</xmin><ymin>241</ymin><xmax>475</xmax><ymax>403</ymax></bndbox></object><object><name>Person</name><difficult>0</difficult><bndbox><xmin>511</xmin><ymin>51</ymin><xmax>536</xmax><ymax>110</ymax></bndbox></object><object><name>Auto</name><difficult>0</difficult><bndbox><xmin>395</xmin><ymin>63</ymin><xmax>446</xmax><ymax>132</ymax></bndbox></object><object><name>Car</name><difficult>0</difficult><bndbox><xmin>373</xmin><ymin>144</ymin><xmax>469</xmax><ymax>261</ymax></bndbox></object><object><name>Car</name><difficult>0</difficult><bndbox><xmin>278</xmin><ymin>92</ymin><xmax>345</xmax><ymax>203</ymax></bndbox></object><object><name>Car</name><difficult>0</difficult><bndbox><xmin>260</xmin><ymin>46</ymin><xmax>333</xmax><ymax>110</ymax></bndbox></object></annotation>