<annotation><filename>frame_1096.jpg</filename><size><height>482</height><width>640</width><depth>3</depth></size><object><name>Person</name><difficult>0</difficult><bndbox><xmin>462</xmin><ymin>58</ymin><xmax>493</xmax><ymax>133</ymax></bndbox></object><object><name>Person</name><difficult>0</difficult><bndbox><xmin>482</xmin><ymin>164</ymin><xmax>521</xmax><ymax>247</ymax></bndbox></object><object><name>Car</name><difficult>0</difficult><bndbox><xmin>234</xmin><ymin>118</ymin><xmax>323</xmax><ymax>239</ymax></bndbox></object></annotation>