<annotation><filename>frame_26.jpg</filename><size><height>482</height><width>640</width><depth>3</depth></size><object><name>Bus</name><difficult>0</difficult><bndbox><xmin>187</xmin><ymin>178</ymin><xmax>379</xmax><ymax>480</ymax></bndbox></object><object><name>Person</name><difficult>0</difficult><bndbox><xmin>514</xmin><ymin>99</ymin><xmax>550</xmax><ymax>182</ymax></bndbox></object><object><name>Person</name><difficult>0</difficult><bndbox><xmin>433</xmin><ymin>64</ymin><xmax>464</xmax><ymax>124</ymax></bndbox></object></annotation>