<annotation><filename>frame_1067.jpg</filename><size><height>482</height><width>640</width><depth>3</depth></size><object><name>Person</name><difficult>0</difficult><bndbox><xmin>512</xmin><ymin>169</ymin><xmax>542</xmax><ymax>246</ymax></bndbox></object><object><name>Person</name><difficult>0</difficult><bndbox><xmin>444</xmin><ymin>219</ymin><xmax>487</xmax><ymax>309</ymax></bndbox></object><object><name>Person</name><difficult>0</difficult><bndbox><xmin>360</xmin><ymin>128</ymin><xmax>401</xmax><ymax>212</ymax></bndbox></object><object><name>Person</name><difficult>0</difficult><bndbox><xmin>267</xmin><ymin>158</ymin><xmax>302</xmax><ymax>241</ymax></bndbox></object><object><name>Person</name><difficult>0</difficult><bndbox><xmin>239</xmin><ymin>65</ymin><xmax>267</xmax><ymax>143</ymax></bndbox></object><object><name>Person</name><difficult>0</difficult><bndbox><xmin>484</xmin><ymin>35</ymin><xmax>526</xmax><ymax>99</ymax></bndbox></object></annotation>