<annotation><filename>frame_22.jpg</filename><size><height>482</height><width>640</width><depth>3</depth></size><object><name>Bus</name><difficult>0</difficult><bndbox><xmin>341</xmin><ymin>77</ymin><xmax>500</xmax><ymax>349</ymax></bndbox></object><object><name>Person</name><difficult>0</difficult><bndbox><xmin>241</xmin><ymin>402</ymin><xmax>298</xmax><ymax>477</ymax></bndbox></object><object><name>Person</name><difficult>0</difficult><bndbox><xmin>465</xmin><ymin>378</ymin><xmax>528</xmax><ymax>480</ymax></bndbox></object><object><name>Person</name><difficult>0</difficult><bndbox><xmin>554</xmin><ymin>286</ymin><xmax>601</xmax><ymax>384</ymax></bndbox></object><object><name>Person</name><difficult>0</difficult><bndbox><xmin>450</xmin><ymin>30</ymin><xmax>483</xmax><ymax>74</ymax></bndbox></object></annotation>