<annotation><filename>frame_237.jpg</filename><size><height>482</height><width>640</width><depth>3</depth></size><object><name>Car</name><difficult>0</difficult><bndbox><xmin>120</xmin><ymin>287</ymin><xmax>262</xmax><ymax>470</ymax></bndbox></object><object><name>Car</name><difficult>0</difficult><bndbox><xmin>458</xmin><ymin>154</ymin><xmax>544</xmax><ymax>265</ymax></bndbox></object><object><name>Car</name><difficult>0</difficult><bndbox><xmin>239</xmin><ymin>91</ymin><xmax>318</xmax><ymax>178</ymax></bndbox></object><object><name>Person</name><difficult>0</difficult><bndbox><xmin>319</xmin><ymin>176</ymin><xmax>363</xmax><ymax>252</ymax></bndbox></object><object><name>Person</name><difficult>0</difficult><bndbox><xmin>344</xmin><ymin>250</ymin><xmax>383</xmax><ymax>352</ymax></bndbox></object><object><name>Person</name><difficult>0</difficult><bndbox><xmin>409</xmin><ymin>149</ymin><xmax>439</xmax><ymax>220</ymax></bndbox></object><object><name>Person</name><difficult>0</difficult><bndbox><xmin>382</xmin><ymin>108</ymin><xmax>414</xmax><ymax>167</ymax></bndbox></object><object><name>Person</name><difficult>0</difficult><bndbox><xmin>430</xmin><ymin>93</ymin><xmax>464</xmax><ymax>151</ymax></bndbox></object><object><name>Person</name><difficult>0</difficult><bndbox><xmin>387</xmin><ymin>69</ymin><xmax>417</xmax><ymax>118</ymax></bndbox></object><object><name>Person</name><difficult>0</difficult><bndbox><xmin>370</xmin><ymin>19</ymin><xmax>399</xmax><ymax>62</ymax></bndbox></object><object><name>Person</name><difficult>0</difficult><bndbox><xmin>449</xmin><ymin>26</ymin><xmax>480</xmax><ymax>70</ymax></bndbox></object><object><name>Person</name><difficult>0</difficult><bndbox><xmin>580</xmin><ymin>236</ymin><xmax>626</xmax><ymax>328</ymax></bndbox></object></annotation>