<annotation><filename>frame_294.jpg</filename><size><height>482</height><width>640</width><depth>3</depth></size><object><name>Car</name><difficult>0</difficult><bndbox><xmin>298</xmin><ymin>270</ymin><xmax>409</xmax><ymax>466</ymax></bndbox></object><object><name>Person</name><difficult>0</difficult><bndbox><xmin>288</xmin><ymin>217</ymin><xmax>326</xmax><ymax>296</ymax></bndbox></object><object><name>Car</name><difficult>0</difficult><bndbox><xmin>137</xmin><ymin>258</ymin><xmax>249</xmax><ymax>376</ymax></bndbox></object><object><name>Person</name><difficult>0</difficult><bndbox><xmin>478</xmin><ymin>338</ymin><xmax>538</xmax><ymax>455</ymax></bndbox></object><object><name>Car</name><difficult>0</difficult><bndbox><xmin>373</xmin><ymin>174</ymin><xmax>468</xmax><ymax>280</ymax></bndbox></object><object><name>Person</name><difficult>0</difficult><bndbox><xmin>346</xmin><ymin>100</ymin><xmax>388</xmax><ymax>180</ymax></bndbox></object><object><name>Person</name><difficult>0</difficult><bndbox><xmin>491</xmin><ymin>54</ymin><xmax>531</xmax><ymax>135</ymax></bndbox></object><object><name>Person</name><difficult>0</difficult><bndbox><xmin>436</xmin><ymin>43</ymin><xmax>470</xmax><ymax>114</ymax></bndbox></object><object><name>Person</name><difficult>0</difficult><bndbox><xmin>253</xmin><ymin>40</ymin><xmax>296</xmax><ymax>108</ymax></bndbox></object><object><name>Auto</name><difficult>0</difficult><bndbox><xmin>74</xmin><ymin>343</ymin><xmax>213</xmax><ymax>480</ymax></bndbox></object></annotation>