<annotation><filename>frame_1053.jpg</filename><size><height>482</height><width>640</width><depth>3</depth></size><object><name>Car</name><difficult>0</difficult><bndbox><xmin>220</xmin><ymin>168</ymin><xmax>322</xmax><ymax>296</ymax></bndbox></object><object><name>Car</name><difficult>0</difficult><bndbox><xmin>91</xmin><ymin>369</ymin><xmax>228</xmax><ymax>481</ymax></bndbox></object><object><name>Car</name><difficult>0</difficult><bndbox><xmin>469</xmin><ymin>115</ymin><xmax>544</xmax><ymax>212</ymax></bndbox></object><object><name>Car</name><difficult>0</difficult><bndbox><xmin>327</xmin><ymin>25</ymin><xmax>383</xmax><ymax>86</ymax></bndbox></object><object><name>Person</name><difficult>0</difficult><bndbox><xmin>276</xmin><ymin>24</ymin><xmax>309</xmax><ymax>60</ymax></bndbox></object><object><name>Person</name><difficult>0</difficult><bndbox><xmin>467</xmin><ymin>25</ymin><xmax>492</xmax><ymax>74</ymax></bndbox></object><object><name>Person</name><difficult>0</difficult><bndbox><xmin>494</xmin><ymin>39</ymin><xmax>523</xmax><ymax>96</ymax></bndbox></object><object><name>Bus</name><difficult>0</difficult><bndbox><xmin>330</xmin><ymin>202</ymin><xmax>496</xmax><ymax>482</ymax></bndbox></object></annotation>