<annotation><filename>frame_12.jpg</filename><size><height>482</height><width>640</width><depth>3</depth></size><object><name>Person</name><difficult>0</difficult><bndbox><xmin>471</xmin><ymin>48</ymin><xmax>506</xmax><ymax>113</ymax></bndbox></object><object><name>Person</name><difficult>0</difficult><bndbox><xmin>359</xmin><ymin>153</ymin><xmax>403</xmax><ymax>243</ymax></bndbox></object><object><name>Person</name><difficult>0</difficult><bndbox><xmin>298</xmin><ymin>239</ymin><xmax>337</xmax><ymax>346</ymax></bndbox></object><object><name>Car</name><difficult>0</difficult><bndbox><xmin>259</xmin><ymin>59</ymin><xmax>335</xmax><ymax>167</ymax></bndbox></object></annotation>