<annotation><filename>frame_325.jpg</filename><size><height>482</height><width>640</width><depth>3</depth></size><object><name>Car</name><difficult>0</difficult><bndbox><xmin>210</xmin><ymin>287</ymin><xmax>341</xmax><ymax>422</ymax></bndbox></object><object><name>Person</name><difficult>0</difficult><bndbox><xmin>502</xmin><ymin>204</ymin><xmax>562</xmax><ymax>320</ymax></bndbox></object><object><name>Person</name><difficult>0</difficult><bndbox><xmin>292</xmin><ymin>73</ymin><xmax>320</xmax><ymax>156</ymax></bndbox></object></annotation>