<annotation><filename>frame_1055.jpg</filename><size><height>482</height><width>640</width><depth>3</depth></size><object><name>Bus</name><difficult>0</difficult><bndbox><xmin>357</xmin><ymin>23</ymin><xmax>468</xmax><ymax>198</ymax></bndbox></object><object><name>Person</name><difficult>0</difficult><bndbox><xmin>473</xmin><ymin>57</ymin><xmax>504</xmax><ymax>115</ymax></bndbox></object><object><name>Person</name><difficult>0</difficult><bndbox><xmin>517</xmin><ymin>116</ymin><xmax>545</xmax><ymax>187</ymax></bndbox></object><object><name>Person</name><difficult>0</difficult><bndbox><xmin>498</xmin><ymin>279</ymin><xmax>553</xmax><ymax>363</ymax></bndbox></object><object><name>Person</name><difficult>0</difficult><bndbox><xmin>289</xmin><ymin>128</ymin><xmax>318</xmax><ymax>187</ymax></bndbox></object><object><name>Car</name><difficult>0</difficult><bndbox><xmin>224</xmin><ymin>167</ymin><xmax>307</xmax><ymax>279</ymax></bndbox></object><object><name>Car</name><difficult>0</difficult><bndbox><xmin>159</xmin><ymin>361</ymin><xmax>307</xmax><ymax>479</ymax></bndbox></object><object><name>Person</name><difficult>0</difficult><bndbox><xmin>521</xmin><ymin>54</ymin><xmax>546</xmax><ymax>104</ymax></bndbox></object><object><name>Auto</name><difficult>0</difficult><bndbox><xmin>274</xmin><ymin>22</ymin><xmax>341</xmax><ymax>87</ymax></bndbox></object><object><name>Auto</name><difficult>0</difficult><bndbox><xmin>272</xmin><ymin>24</ymin><xmax>341</xmax><ymax>86</ymax></bndbox></object><object><name>Car</name><difficult>0</difficult><bndbox><xmin>268</xmin><ymin>65</ymin><xmax>343</xmax><ymax>147</ymax></bndbox></object></annotation>