<annotation><filename>frame_354.jpg</filename><size><height>482</height><width>640</width><depth>3</depth></size><object><name>Person</name><difficult>0</difficult><bndbox><xmin>511</xmin><ymin>405</ymin><xmax>569</xmax><ymax>478</ymax></bndbox></object><object><name>Person</name><difficult>0</difficult><bndbox><xmin>518</xmin><ymin>94</ymin><xmax>547</xmax><ymax>184</ymax></bndbox></object><object><name>Car</name><difficult>0</difficult><bndbox><xmin>311</xmin><ymin>118</ymin><xmax>414</xmax><ymax>238</ymax></bndbox></object></annotation>