<annotation><filename>frame_1191.jpg</filename><size><height>482</height><width>640</width><depth>3</depth></size><object><name>Car</name><difficult>0</difficult><bndbox><xmin>285</xmin><ymin>231</ymin><xmax>378</xmax><ymax>360</ymax></bndbox></object><object><name>Person</name><difficult>0</difficult><bndbox><xmin>575</xmin><ymin>414</ymin><xmax>635</xmax><ymax>479</ymax></bndbox></object><object><name>Person</name><difficult>0</difficult><bndbox><xmin>388</xmin><ymin>407</ymin><xmax>451</xmax><ymax>479</ymax></bndbox></object><object><name>Person</name><difficult>0</difficult><bndbox><xmin>460</xmin><ymin>151</ymin><xmax>510</xmax><ymax>256</ymax></bndbox></object></annotation>