<annotation><filename>frame_289.jpg</filename><size><height>482</height><width>640</width><depth>3</depth></size><object><name>Car</name><difficult>0</difficult><bndbox><xmin>258</xmin><ymin>212</ymin><xmax>347</xmax><ymax>330</ymax></bndbox></object><object><name>Car</name><difficult>0</difficult><bndbox><xmin>388</xmin><ymin>49</ymin><xmax>465</xmax><ymax>139</ymax></bndbox></object><object><name>Car</name><difficult>0</difficult><bndbox><xmin>191</xmin><ymin>392</ymin><xmax>316</xmax><ymax>476</ymax></bndbox></object><object><name>Person</name><difficult>0</difficult><bndbox><xmin>256</xmin><ymin>46</ymin><xmax>286</xmax><ymax>113</ymax></bndbox></object><object><name>Person</name><difficult>0</difficult><bndbox><xmin>347</xmin><ymin>82</ymin><xmax>382</xmax><ymax>154</ymax></bndbox></object><object><name>Person</name><difficult>0</difficult><bndbox><xmin>516</xmin><ymin>24</ymin><xmax>555</xmax><ymax>114</ymax></bndbox></object><object><name>Person</name><difficult>0</difficult><bndbox><xmin>504</xmin><ymin>366</ymin><xmax>560</xmax><ymax>475</ymax></bndbox></object></annotation>