<annotation><filename>frame_315.jpg</filename><size><height>482</height><width>640</width><depth>3</depth></size><object><name>Person</name><difficult>0</difficult><bndbox><xmin>495</xmin><ymin>259</ymin><xmax>566</xmax><ymax>384</ymax></bndbox></object><object><name>Person</name><difficult>0</difficult><bndbox><xmin>343</xmin><ymin>72</ymin><xmax>376</xmax><ymax>157</ymax></bndbox></object><object><name>Car</name><difficult>0</difficult><bndbox><xmin>224</xmin><ymin>125</ymin><xmax>308</xmax><ymax>222</ymax></bndbox></object><object><name>Car</name><difficult>0</difficult><bndbox><xmin>291</xmin><ymin>22</ymin><xmax>364</xmax><ymax>58</ymax></bndbox></object><object><name>Bus</name><difficult>0</difficult><bndbox><xmin>375</xmin><ymin>19</ymin><xmax>482</xmax><ymax>93</ymax></bndbox></object><object><name>Person</name><difficult>0</difficult><bndbox><xmin>271</xmin><ymin>54</ymin><xmax>302</xmax><ymax>119</ymax></bndbox></object><object><name>Person</name><difficult>0</difficult><bndbox><xmin>381</xmin><ymin>84</ymin><xmax>435</xmax><ymax>150</ymax></bndbox></object></annotation>