<annotation><filename>frame_300.jpg</filename><size><height>482</height><width>640</width><depth>3</depth></size><object><name>Auto</name><difficult>0</difficult><bndbox><xmin>331</xmin><ymin>305</ymin><xmax>416</xmax><ymax>459</ymax></bndbox></object><object><name>Auto</name><difficult>0</difficult><bndbox><xmin>424</xmin><ymin>116</ymin><xmax>505</xmax><ymax>243</ymax></bndbox></object><object><name>Person</name><difficult>0</difficult><bndbox><xmin>491</xmin><ymin>386</ymin><xmax>544</xmax><ymax>480</ymax></bndbox></object><object><name>Car</name><difficult>0</difficult><bndbox><xmin>352</xmin><ymin>54</ymin><xmax>420</xmax><ymax>141</ymax></bndbox></object><object><name>Car</name><difficult>0</difficult><bndbox><xmin>345</xmin><ymin>17</ymin><xmax>415</xmax><ymax>64</ymax></bndbox></object><object><name>Car</name><difficult>0</difficult><bndbox><xmin>346</xmin><ymin>18</ymin><xmax>415</xmax><ymax>65</ymax></bndbox></object><object><name>Car</name><difficult>0</difficult><bndbox><xmin>345</xmin><ymin>17</ymin><xmax>415</xmax><ymax>64</ymax></bndbox></object></annotation>