<annotation><filename>frame_202.jpg</filename><size><height>482</height><width>640</width><depth>3</depth></size><object><name>Person</name><difficult>0</difficult><bndbox><xmin>227</xmin><ymin>256</ymin><xmax>275</xmax><ymax>358</ymax></bndbox></object><object><name>Person</name><difficult>0</difficult><bndbox><xmin>368</xmin><ymin>293</ymin><xmax>425</xmax><ymax>411</ymax></bndbox></object><object><name>Person</name><difficult>0</difficult><bndbox><xmin>367</xmin><ymin>54</ymin><xmax>409</xmax><ymax>132</ymax></bndbox></object></annotation>