<annotation><filename>frame_205.jpg</filename><size><height>482</height><width>640</width><depth>3</depth></size><object><name>Car</name><difficult>0</difficult><bndbox><xmin>315</xmin><ymin>170</ymin><xmax>418</xmax><ymax>319</ymax></bndbox></object><object><name>Car</name><difficult>0</difficult><bndbox><xmin>289</xmin><ymin>33</ymin><xmax>363</xmax><ymax>113</ymax></bndbox></object><object><name>Person</name><difficult>0</difficult><bndbox><xmin>118</xmin><ymin>358</ymin><xmax>176</xmax><ymax>473</ymax></bndbox></object><object><name>Person</name><difficult>0</difficult><bndbox><xmin>519</xmin><ymin>222</ymin><xmax>566</xmax><ymax>323</ymax></bndbox></object><object><name>Person</name><difficult>0</difficult><bndbox><xmin>528</xmin><ymin>47</ymin><xmax>571</xmax><ymax>114</ymax></bndbox></object><object><name>Car</name><difficult>0</difficult><bndbox><xmin>384</xmin><ymin>23</ymin><xmax>448</xmax><ymax>67</ymax></bndbox></object></annotation>