<annotation><filename>frame_260.jpg</filename><size><height>482</height><width>640</width><depth>3</depth></size><object><name>Person</name><difficult>0</difficult><bndbox><xmin>205</xmin><ymin>351</ymin><xmax>258</xmax><ymax>482</ymax></bndbox></object><object><name>Person</name><difficult>0</difficult><bndbox><xmin>533</xmin><ymin>276</ymin><xmax>578</xmax><ymax>386</ymax></bndbox></object><object><name>Person</name><difficult>0</difficult><bndbox><xmin>298</xmin><ymin>114</ymin><xmax>340</xmax><ymax>184</ymax></bndbox></object><object><name>Person</name><difficult>0</difficult><bndbox><xmin>455</xmin><ymin>122</ymin><xmax>482</xmax><ymax>198</ymax></bndbox></object><object><name>Person</name><difficult>0</difficult><bndbox><xmin>504</xmin><ymin>34</ymin><xmax>531</xmax><ymax>99</ymax></bndbox></object><object><name>Car</name><difficult>0</difficult><bndbox><xmin>259</xmin><ymin>47</ymin><xmax>328</xmax><ymax>119</ymax></bndbox></object><object><name>Car</name><difficult>0</difficult><bndbox><xmin>392</xmin><ymin>48</ymin><xmax>469</xmax><ymax>121</ymax></bndbox></object><object><name>Car</name><difficult>0</difficult><bndbox><xmin>356</xmin><ymin>160</ymin><xmax>450</xmax><ymax>275</ymax></bndbox></object></annotation>