<annotation><filename>frame_23.jpg</filename><size><height>482</height><width>640</width><depth>3</depth></size><object><name>Car</name><difficult>0</difficult><bndbox><xmin>352</xmin><ymin>23</ymin><xmax>408</xmax><ymax>47</ymax></bndbox></object><object><name>Auto</name><difficult>0</difficult><bndbox><xmin>450</xmin><ymin>24</ymin><xmax>501</xmax><ymax>72</ymax></bndbox></object><object><name>Car</name><difficult>0</difficult><bndbox><xmin>264</xmin><ymin>65</ymin><xmax>334</xmax><ymax>155</ymax></bndbox></object><object><name>Person</name><difficult>0</difficult><bndbox><xmin>472</xmin><ymin>231</ymin><xmax>511</xmax><ymax>318</ymax></bndbox></object><object><name>Person</name><difficult>0</difficult><bndbox><xmin>289</xmin><ymin>185</ymin><xmax>332</xmax><ymax>273</ymax></bndbox></object><object><name>Bus</name><difficult>0</difficult><bndbox><xmin>293</xmin><ymin>360</ymin><xmax>490</xmax><ymax>478</ymax></bndbox></object></annotation>