<annotation><filename>frame_286.jpg</filename><size><height>482</height><width>640</width><depth>3</depth></size><object><name>Person</name><difficult>0</difficult><bndbox><xmin>261</xmin><ymin>184</ymin><xmax>310</xmax><ymax>279</ymax></bndbox></object><object><name>Person</name><difficult>0</difficult><bndbox><xmin>429</xmin><ymin>104</ymin><xmax>462</xmax><ymax>189</ymax></bndbox></object><object><name>Person</name><difficult>0</difficult><bndbox><xmin>477</xmin><ymin>43</ymin><xmax>516</xmax><ymax>109</ymax></bndbox></object><object><name>Car</name><difficult>0</difficult><bndbox><xmin>366</xmin><ymin>24</ymin><xmax>434</xmax><ymax>89</ymax></bndbox></object></annotation>