<annotation><filename>frame_1045.jpg</filename><size><height>482</height><width>640</width><depth>3</depth></size><object><name>Bus</name><difficult>0</difficult><bndbox><xmin>389</xmin><ymin>26</ymin><xmax>461</xmax><ymax>158</ymax></bndbox></object><object><name>Person</name><difficult>0</difficult><bndbox><xmin>559</xmin><ymin>352</ymin><xmax>617</xmax><ymax>465</ymax></bndbox></object><object><name>Person</name><difficult>0</difficult><bndbox><xmin>273</xmin><ymin>83</ymin><xmax>316</xmax><ymax>145</ymax></bndbox></object><object><name>Car</name><difficult>0</difficult><bndbox><xmin>131</xmin><ymin>283</ymin><xmax>252</xmax><ymax>450</ymax></bndbox></object><object><name>Car</name><difficult>0</difficult><bndbox><xmin>305</xmin><ymin>399</ymin><xmax>439</xmax><ymax>480</ymax></bndbox></object><object><name>Auto</name><difficult>0</difficult><bndbox><xmin>303</xmin><ymin>20</ymin><xmax>371</xmax><ymax>81</ymax></bndbox></object></annotation>