<annotation><filename>frame_213.jpg</filename><size><height>482</height><width>640</width><depth>3</depth></size><object><name>Car</name><difficult>0</difficult><bndbox><xmin>307</xmin><ymin>54</ymin><xmax>376</xmax><ymax>148</ymax></bndbox></object><object><name>Person</name><difficult>0</difficult><bndbox><xmin>381</xmin><ymin>184</ymin><xmax>432</xmax><ymax>267</ymax></bndbox></object><object><name>Person</name><difficult>0</difficult><bndbox><xmin>439</xmin><ymin>29</ymin><xmax>468</xmax><ymax>88</ymax></bndbox></object><object><name>Person</name><difficult>0</difficult><bndbox><xmin>552</xmin><ymin>193</ymin><xmax>599</xmax><ymax>284</ymax></bndbox></object><object><name>Person</name><difficult>0</difficult><bndbox><xmin>495</xmin><ymin>22</ymin><xmax>533</xmax><ymax>64</ymax></bndbox></object></annotation>