<annotation><filename>frame_13.jpg</filename><size><height>482</height><width>640</width><depth>3</depth></size><object><name>Car</name><difficult>0</difficult><bndbox><xmin>289</xmin><ymin>75</ymin><xmax>360</xmax><ymax>166</ymax></bndbox></object><object><name>Person</name><difficult>0</difficult><bndbox><xmin>459</xmin><ymin>256</ymin><xmax>496</xmax><ymax>357</ymax></bndbox></object><object><name>Car</name><difficult>0</difficult><bndbox><xmin>109</xmin><ymin>372</ymin><xmax>233</xmax><ymax>462</ymax></bndbox></object><object><name>Person</name><difficult>0</difficult><bndbox><xmin>489</xmin><ymin>24</ymin><xmax>518</xmax><ymax>64</ymax></bndbox></object></annotation>