<annotation><filename>frame_343.jpg</filename><size><height>482</height><width>640</width><depth>3</depth></size><object><name>Bus</name><difficult>0</difficult><bndbox><xmin>347</xmin><ymin>64</ymin><xmax>448</xmax><ymax>243</ymax></bndbox></object><object><name>Person</name><difficult>0</difficult><bndbox><xmin>465</xmin><ymin>58</ymin><xmax>514</xmax><ymax>135</ymax></bndbox></object><object><name>Person</name><difficult>0</difficult><bndbox><xmin>252</xmin><ymin>131</ymin><xmax>296</xmax><ymax>214</ymax></bndbox></object><object><name>Car</name><difficult>0</difficult><bndbox><xmin>72</xmin><ymin>405</ymin><xmax>246</xmax><ymax>482</ymax></bndbox></object></annotation>