<annotation><filename>frame_204.jpg</filename><size><height>482</height><width>640</width><depth>3</depth></size><object><name>Car</name><difficult>0</difficult><bndbox><xmin>253</xmin><ymin>294</ymin><xmax>362</xmax><ymax>440</ymax></bndbox></object><object><name>Person</name><difficult>0</difficult><bndbox><xmin>140</xmin><ymin>317</ymin><xmax>195</xmax><ymax>435</ymax></bndbox></object><object><name>Person</name><difficult>0</difficult><bndbox><xmin>501</xmin><ymin>180</ymin><xmax>540</xmax><ymax>262</ymax></bndbox></object><object><name>Person</name><difficult>0</difficult><bndbox><xmin>499</xmin><ymin>51</ymin><xmax>537</xmax><ymax>119</ymax></bndbox></object><object><name>Person</name><difficult>0</difficult><bndbox><xmin>268</xmin><ymin>44</ymin><xmax>294</xmax><ymax>107</ymax></bndbox></object><object><name>Person</name><difficult>0</difficult><bndbox><xmin>303</xmin><ymin>154</ymin><xmax>341</xmax><ymax>236</ymax></bndbox></object><object><name>Person</name><difficult>0</difficult><bndbox><xmin>217</xmin><ymin>162</ymin><xmax>252</xmax><ymax>240</ymax></bndbox></object><object><name>Car</name><difficult>0</difficult><bndbox><xmin>388</xmin><ymin>23</ymin><xmax>450</xmax><ymax>62</ymax></bndbox></object></annotation>