<annotation><filename>frame_28.jpg</filename><size><height>482</height><width>640</width><depth>3</depth></size><object><name>Bus</name><difficult>0</difficult><bndbox><xmin>364</xmin><ymin>22</ymin><xmax>466</xmax><ymax>202</ymax></bndbox></object><object><name>Person</name><difficult>0</difficult><bndbox><xmin>543</xmin><ymin>122</ymin><xmax>577</xmax><ymax>196</ymax></bndbox></object><object><name>Car</name><difficult>0</difficult><bndbox><xmin>300</xmin><ymin>24</ymin><xmax>359</xmax><ymax>58</ymax></bndbox></object></annotation>