<annotation><filename>frame_1051.jpg</filename><size><height>482</height><width>640</width><depth>3</depth></size><object><name>Auto</name><difficult>0</difficult><bndbox><xmin>347</xmin><ymin>67</ymin><xmax>400</xmax><ymax>162</ymax></bndbox></object><object><name>Car</name><difficult>0</difficult><bndbox><xmin>484</xmin><ymin>41</ymin><xmax>567</xmax><ymax>154</ymax></bndbox></object><object><name>Car</name><difficult>0</difficult><bndbox><xmin>273</xmin><ymin>29</ymin><xmax>341</xmax><ymax>115</ymax></bndbox></object><object><name>Car</name><difficult>0</difficult><bndbox><xmin>279</xmin><ymin>316</ymin><xmax>428</xmax><ymax>481</ymax></bndbox></object></annotation>