<annotation><filename>frame_1110.jpg</filename><size><height>482</height><width>640</width><depth>3</depth></size><object><name>Bus</name><difficult>0</difficult><bndbox><xmin>392</xmin><ymin>42</ymin><xmax>511</xmax><ymax>251</ymax></bndbox></object><object><name>Person</name><difficult>0</difficult><bndbox><xmin>539</xmin><ymin>135</ymin><xmax>574</xmax><ymax>214</ymax></bndbox></object><object><name>Person</name><difficult>0</difficult><bndbox><xmin>376</xmin><ymin>284</ymin><xmax>420</xmax><ymax>377</ymax></bndbox></object><object><name>Car</name><difficult>0</difficult><bndbox><xmin>167</xmin><ymin>274</ymin><xmax>300</xmax><ymax>415</ymax></bndbox></object><object><name>Car</name><difficult>0</difficult><bndbox><xmin>253</xmin><ymin>95</ymin><xmax>325</xmax><ymax>186</ymax></bndbox></object><object><name>Car</name><difficult>0</difficult><bndbox><xmin>356</xmin><ymin>37</ymin><xmax>420</xmax><ymax>116</ymax></bndbox></object><object><name>Car</name><difficult>0</difficult><bndbox><xmin>281</xmin><ymin>23</ymin><xmax>347</xmax><ymax>85</ymax></bndbox></object></annotation>