<annotation><filename>frame_242.jpg</filename><size><height>482</height><width>640</width><depth>3</depth></size><object><name>Car</name><difficult>0</difficult><bndbox><xmin>213</xmin><ymin>325</ymin><xmax>324</xmax><ymax>481</ymax></bndbox></object><object><name>Person</name><difficult>0</difficult><bndbox><xmin>90</xmin><ymin>349</ymin><xmax>141</xmax><ymax>473</ymax></bndbox></object><object><name>Person</name><difficult>0</difficult><bndbox><xmin>426</xmin><ymin>236</ymin><xmax>481</xmax><ymax>340</ymax></bndbox></object><object><name>Person</name><difficult>0</difficult><bndbox><xmin>499</xmin><ymin>147</ymin><xmax>554</xmax><ymax>240</ymax></bndbox></object><object><name>Person</name><difficult>0</difficult><bndbox><xmin>564</xmin><ymin>265</ymin><xmax>604</xmax><ymax>370</ymax></bndbox></object><object><name>Person</name><difficult>0</difficult><bndbox><xmin>366</xmin><ymin>22</ymin><xmax>403</xmax><ymax>79</ymax></bndbox></object><object><name>Person</name><difficult>0</difficult><bndbox><xmin>367</xmin><ymin>199</ymin><xmax>416</xmax><ymax>286</ymax></bndbox></object></annotation>