<annotation><filename>frame_115.jpg</filename><size><height>482</height><width>640</width><depth>3</depth></size><object><name>Bus</name><difficult>0</difficult><bndbox><xmin>349</xmin><ymin>39</ymin><xmax>470</xmax><ymax>251</ymax></bndbox></object><object><name>Person</name><difficult>0</difficult><bndbox><xmin>276</xmin><ymin>167</ymin><xmax>301</xmax><ymax>243</ymax></bndbox></object><object><name>Person</name><difficult>0</difficult><bndbox><xmin>252</xmin><ymin>118</ymin><xmax>284</xmax><ymax>185</ymax></bndbox></object><object><name>Car</name><difficult>0</difficult><bndbox><xmin>270</xmin><ymin>24</ymin><xmax>323</xmax><ymax>88</ymax></bndbox></object></annotation>