<annotation><filename>frame_182.jpg</filename><size><height>482</height><width>640</width><depth>3</depth></size><object><name>Car</name><difficult>0</difficult><bndbox><xmin>270</xmin><ymin>23</ymin><xmax>339</xmax><ymax>90</ymax></bndbox></object><object><name>Car</name><difficult>0</difficult><bndbox><xmin>342</xmin><ymin>170</ymin><xmax>433</xmax><ymax>281</ymax></bndbox></object><object><name>Person</name><difficult>0</difficult><bndbox><xmin>410</xmin><ymin>44</ymin><xmax>448</xmax><ymax>108</ymax></bndbox></object><object><name>Person</name><difficult>0</difficult><bndbox><xmin>512</xmin><ymin>99</ymin><xmax>549</xmax><ymax>175</ymax></bndbox></object></annotation>