<annotation><filename>frame_1048.jpg</filename><size><height>482</height><width>640</width><depth>3</depth></size><object><name>Car</name><difficult>0</difficult><bndbox><xmin>369</xmin><ymin>37</ymin><xmax>435</xmax><ymax>125</ymax></bndbox></object><object><name>Auto</name><difficult>0</difficult><bndbox><xmin>424</xmin><ymin>115</ymin><xmax>482</xmax><ymax>209</ymax></bndbox></object><object><name>Car</name><difficult>0</difficult><bndbox><xmin>299</xmin><ymin>186</ymin><xmax>394</xmax><ymax>297</ymax></bndbox></object><object><name>Car</name><difficult>0</difficult><bndbox><xmin>216</xmin><ymin>104</ymin><xmax>295</xmax><ymax>211</ymax></bndbox></object></annotation>