<annotation><filename>frame_1001.jpg</filename><size><height>482</height><width>640</width><depth>3</depth></size><object><name>Bus</name><difficult>0</difficult><bndbox><xmin>280</xmin><ymin>131</ymin><xmax>397</xmax><ymax>314</ymax></bndbox></object><object><name>Auto</name><difficult>0</difficult><bndbox><xmin>414</xmin><ymin>305</ymin><xmax>559</xmax><ymax>481</ymax></bndbox></object><object><name>Person</name><difficult>0</difficult><bndbox><xmin>496</xmin><ymin>82</ymin><xmax>538</xmax><ymax>147</ymax></bndbox></object><object><name>Person</name><difficult>0</difficult><bndbox><xmin>365</xmin><ymin>78</ymin><xmax>399</xmax><ymax>146</ymax></bndbox></object><object><name>Car</name><difficult>0</difficult><bndbox><xmin>102</xmin><ymin>290</ymin><xmax>237</xmax><ymax>447</ymax></bndbox></object></annotation>