<annotation><filename>frame_146.jpg</filename><size><height>482</height><width>640</width><depth>3</depth></size><object><name>Auto</name><difficult>0</difficult><bndbox><xmin>179</xmin><ymin>181</ymin><xmax>281</xmax><ymax>334</ymax></bndbox></object><object><name>Car</name><difficult>0</difficult><bndbox><xmin>277</xmin><ymin>116</ymin><xmax>345</xmax><ymax>206</ymax></bndbox></object><object><name>Person</name><difficult>0</difficult><bndbox><xmin>262</xmin><ymin>73</ymin><xmax>304</xmax><ymax>134</ymax></bndbox></object><object><name>Car</name><difficult>0</difficult><bndbox><xmin>393</xmin><ymin>26</ymin><xmax>458</xmax><ymax>117</ymax></bndbox></object><object><name>Person</name><difficult>0</difficult><bndbox><xmin>371</xmin><ymin>95</ymin><xmax>408</xmax><ymax>170</ymax></bndbox></object><object><name>Person</name><difficult>0</difficult><bndbox><xmin>408</xmin><ymin>144</ymin><xmax>456</xmax><ymax>222</ymax></bndbox></object><object><name>Person</name><difficult>0</difficult><bndbox><xmin>357</xmin><ymin>245</ymin><xmax>408</xmax><ymax>350</ymax></bndbox></object><object><name>Person</name><difficult>0</difficult><bndbox><xmin>483</xmin><ymin>143</ymin><xmax>527</xmax><ymax>226</ymax></bndbox></object><object><name>Person</name><difficult>0</difficult><bndbox><xmin>555</xmin><ymin>340</ymin><xmax>605</xmax><ymax>455</ymax></bndbox></object></annotation>