<annotation><filename>frame_168.jpg</filename><size><height>482</height><width>640</width><depth>3</depth></size><object><name>Person</name><difficult>0</difficult><bndbox><xmin>169</xmin><ymin>282</ymin><xmax>220</xmax><ymax>375</ymax></bndbox></object><object><name>Car</name><difficult>0</difficult><bndbox><xmin>222</xmin><ymin>170</ymin><xmax>301</xmax><ymax>265</ymax></bndbox></object><object><name>Car</name><difficult>0</difficult><bndbox><xmin>237</xmin><ymin>106</ymin><xmax>302</xmax><ymax>175</ymax></bndbox></object><object><name>Person</name><difficult>0</difficult><bndbox><xmin>328</xmin><ymin>79</ymin><xmax>361</xmax><ymax>148</ymax></bndbox></object><object><name>Car</name><difficult>0</difficult><bndbox><xmin>380</xmin><ymin>77</ymin><xmax>456</xmax><ymax>150</ymax></bndbox></object><object><name>Car</name><difficult>0</difficult><bndbox><xmin>366</xmin><ymin>165</ymin><xmax>438</xmax><ymax>267</ymax></bndbox></object><object><name>Car</name><difficult>0</difficult><bndbox><xmin>358</xmin><ymin>22</ymin><xmax>420</xmax><ymax>69</ymax></bndbox></object><object><name>Person</name><difficult>0</difficult><bndbox><xmin>488</xmin><ymin>108</ymin><xmax>526</xmax><ymax>182</ymax></bndbox></object></annotation>