<annotation><filename>frame_1085.jpg</filename><size><height>482</height><width>640</width><depth>3</depth></size><object><name>Bus</name><difficult>0</difficult><bndbox><xmin>189</xmin><ymin>104</ymin><xmax>320</xmax><ymax>287</ymax></bndbox></object><object><name>Auto</name><difficult>0</difficult><bndbox><xmin>411</xmin><ymin>45</ymin><xmax>458</xmax><ymax>117</ymax></bndbox></object><object><name>Bus</name><difficult>0</difficult><bndbox><xmin>275</xmin><ymin>341</ymin><xmax>475</xmax><ymax>482</ymax></bndbox></object><object><name>Person</name><difficult>0</difficult><bndbox><xmin>437</xmin><ymin>307</ymin><xmax>493</xmax><ymax>402</ymax></bndbox></object><object><name>Person</name><difficult>0</difficult><bndbox><xmin>510</xmin><ymin>28</ymin><xmax>537</xmax><ymax>84</ymax></bndbox></object></annotation>