<annotation><filename>frame_1189.jpg</filename><size><height>482</height><width>640</width><depth>3</depth></size><object><name>Person</name><difficult>0</difficult><bndbox><xmin>190</xmin><ymin>202</ymin><xmax>235</xmax><ymax>297</ymax></bndbox></object><object><name>Person</name><difficult>0</difficult><bndbox><xmin>108</xmin><ymin>345</ymin><xmax>155</xmax><ymax>447</ymax></bndbox></object><object><name>Person</name><difficult>0</difficult><bndbox><xmin>332</xmin><ymin>330</ymin><xmax>361</xmax><ymax>455</ymax></bndbox></object><object><name>Person</name><difficult>0</difficult><bndbox><xmin>531</xmin><ymin>30</ymin><xmax>561</xmax><ymax>96</ymax></bndbox></object><object><name>Person</name><difficult>0</difficult><bndbox><xmin>402</xmin><ymin>42</ymin><xmax>448</xmax><ymax>108</ymax></bndbox></object><object><name>Car</name><difficult>0</difficult><bndbox><xmin>292</xmin><ymin>31</ymin><xmax>350</xmax><ymax>103</ymax></bndbox></object><object><name>Car</name><difficult>0</difficult><bndbox><xmin>362</xmin><ymin>189</ymin><xmax>466</xmax><ymax>303</ymax></bndbox></object><object><name>Car</name><difficult>0</difficult><bndbox><xmin>361</xmin><ymin>25</ymin><xmax>421</xmax><ymax>57</ymax></bndbox></object><object><name>Person</name><difficult>0</difficult><bndbox><xmin>456</xmin><ymin>424</ymin><xmax>523</xmax><ymax>477</ymax></bndbox></object><object><name>Person</name><difficult>0</difficult><bndbox><xmin>368</xmin><ymin>402</ymin><xmax>402</xmax><ymax>480</ymax></bndbox></object><object><name>Car</name><difficult>0</difficult><bndbox><xmin>163</xmin><ymin>385</ymin><xmax>297</xmax><ymax>479</ymax></bndbox></object></annotation>