<annotation><filename>frame_359.jpg</filename><size><height>482</height><width>640</width><depth>3</depth></size><object><name>Car</name><difficult>0</difficult><bndbox><xmin>215</xmin><ymin>128</ymin><xmax>304</xmax><ymax>274</ymax></bndbox></object><object><name>Person</name><difficult>0</difficult><bndbox><xmin>514</xmin><ymin>87</ymin><xmax>554</xmax><ymax>164</ymax></bndbox></object><object><name>Car</name><difficult>0</difficult><bndbox><xmin>424</xmin><ymin>117</ymin><xmax>499</xmax><ymax>210</ymax></bndbox></object></annotation>