<annotation><filename>frame_239.jpg</filename><size><height>482</height><width>640</width><depth>3</depth></size><object><name>Car</name><difficult>0</difficult><bndbox><xmin>138</xmin><ymin>302</ymin><xmax>258</xmax><ymax>452</ymax></bndbox></object><object><name>Car</name><difficult>0</difficult><bndbox><xmin>403</xmin><ymin>42</ymin><xmax>476</xmax><ymax>113</ymax></bndbox></object><object><name>Person</name><difficult>0</difficult><bndbox><xmin>322</xmin><ymin>19</ymin><xmax>346</xmax><ymax>80</ymax></bndbox></object><object><name>Person</name><difficult>0</difficult><bndbox><xmin>334</xmin><ymin>94</ymin><xmax>365</xmax><ymax>158</ymax></bndbox></object><object><name>Person</name><difficult>0</difficult><bndbox><xmin>290</xmin><ymin>173</ymin><xmax>341</xmax><ymax>256</ymax></bndbox></object><object><name>Person</name><difficult>0</difficult><bndbox><xmin>372</xmin><ymin>160</ymin><xmax>413</xmax><ymax>249</ymax></bndbox></object><object><name>Person</name><difficult>0</difficult><bndbox><xmin>368</xmin><ymin>418</ymin><xmax>431</xmax><ymax>480</ymax></bndbox></object><object><name>Person</name><difficult>0</difficult><bndbox><xmin>463</xmin><ymin>268</ymin><xmax>519</xmax><ymax>381</ymax></bndbox></object><object><name>Person</name><difficult>0</difficult><bndbox><xmin>275</xmin><ymin>19</ymin><xmax>304</xmax><ymax>69</ymax></bndbox></object></annotation>