<annotation><filename>frame_186.jpg</filename><size><height>482</height><width>640</width><depth>3</depth></size><object><name>Bus</name><difficult>0</difficult><bndbox><xmin>329</xmin><ymin>32</ymin><xmax>469</xmax><ymax>266</ymax></bndbox></object><object><name>Car</name><difficult>0</difficult><bndbox><xmin>191</xmin><ymin>181</ymin><xmax>284</xmax><ymax>306</ymax></bndbox></object><object><name>Person</name><difficult>0</difficult><bndbox><xmin>248</xmin><ymin>105</ymin><xmax>285</xmax><ymax>185</ymax></bndbox></object><object><name>Car</name><difficult>0</difficult><bndbox><xmin>293</xmin><ymin>41</ymin><xmax>356</xmax><ymax>106</ymax></bndbox></object><object><name>Bus</name><difficult>0</difficult><bndbox><xmin>304</xmin><ymin>22</ymin><xmax>368</xmax><ymax>49</ymax></bndbox></object><object><name>Person</name><difficult>0</difficult><bndbox><xmin>486</xmin><ymin>64</ymin><xmax>512</xmax><ymax>127</ymax></bndbox></object><object><name>Person</name><difficult>0</difficult><bndbox><xmin>521</xmin><ymin>22</ymin><xmax>556</xmax><ymax>76</ymax></bndbox></object></annotation>