<annotation><filename>frame_133.jpg</filename><size><height>482</height><width>640</width><depth>3</depth></size><object><name>Car</name><difficult>0</difficult><bndbox><xmin>236</xmin><ymin>223</ymin><xmax>329</xmax><ymax>351</ymax></bndbox></object><object><name>Person</name><difficult>0</difficult><bndbox><xmin>374</xmin><ymin>349</ymin><xmax>429</xmax><ymax>474</ymax></bndbox></object><object><name>Person</name><difficult>0</difficult><bndbox><xmin>361</xmin><ymin>171</ymin><xmax>399</xmax><ymax>269</ymax></bndbox></object><object><name>Person</name><difficult>0</difficult><bndbox><xmin>238</xmin><ymin>117</ymin><xmax>278</xmax><ymax>188</ymax></bndbox></object><object><name>Person</name><difficult>0</difficult><bndbox><xmin>398</xmin><ymin>123</ymin><xmax>437</xmax><ymax>198</ymax></bndbox></object><object><name>Person</name><difficult>0</difficult><bndbox><xmin>486</xmin><ymin>78</ymin><xmax>528</xmax><ymax>147</ymax></bndbox></object><object><name>Person</name><difficult>0</difficult><bndbox><xmin>396</xmin><ymin>67</ymin><xmax>430</xmax><ymax>123</ymax></bndbox></object><object><name>Auto</name><difficult>0</difficult><bndbox><xmin>443</xmin><ymin>190</ymin><xmax>512</xmax><ymax>303</ymax></bndbox></object><object><name>Car</name><difficult>0</difficult><bndbox><xmin>313</xmin><ymin>34</ymin><xmax>381</xmax><ymax>106</ymax></bndbox></object><object><name>Car</name><difficult>0</difficult><bndbox><xmin>96</xmin><ymin>373</ymin><xmax>231</xmax><ymax>479</ymax></bndbox></object></annotation>