<annotation><filename>frame_207.jpg</filename><size><height>482</height><width>640</width><depth>3</depth></size><object><name>Car</name><difficult>0</difficult><bndbox><xmin>196</xmin><ymin>178</ymin><xmax>289</xmax><ymax>302</ymax></bndbox></object><object><name>Car</name><difficult>0</difficult><bndbox><xmin>332</xmin><ymin>166</ymin><xmax>423</xmax><ymax>280</ymax></bndbox></object><object><name>Person</name><difficult>0</difficult><bndbox><xmin>346</xmin><ymin>319</ymin><xmax>403</xmax><ymax>437</ymax></bndbox></object><object><name>Person</name><difficult>0</difficult><bndbox><xmin>471</xmin><ymin>233</ymin><xmax>510</xmax><ymax>318</ymax></bndbox></object><object><name>Person</name><difficult>0</difficult><bndbox><xmin>550</xmin><ymin>243</ymin><xmax>585</xmax><ymax>345</ymax></bndbox></object><object><name>Person</name><difficult>0</difficult><bndbox><xmin>437</xmin><ymin>73</ymin><xmax>475</xmax><ymax>147</ymax></bndbox></object><object><name>Person</name><difficult>0</difficult><bndbox><xmin>402</xmin><ymin>39</ymin><xmax>431</xmax><ymax>99</ymax></bndbox></object><object><name>Person</name><difficult>0</difficult><bndbox><xmin>359</xmin><ymin>85</ymin><xmax>401</xmax><ymax>161</ymax></bndbox></object></annotation>