<annotation><filename>frame_246.jpg</filename><size><height>482</height><width>640</width><depth>3</depth></size><object><name>Car</name><difficult>0</difficult><bndbox><xmin>270</xmin><ymin>253</ymin><xmax>378</xmax><ymax>385</ymax></bndbox></object><object><name>Person</name><difficult>0</difficult><bndbox><xmin>481</xmin><ymin>351</ymin><xmax>543</xmax><ymax>461</ymax></bndbox></object><object><name>Person</name><difficult>0</difficult><bndbox><xmin>411</xmin><ymin>391</ymin><xmax>465</xmax><ymax>472</ymax></bndbox></object></annotation>