<annotation><filename>frame_336.jpg</filename><size><height>482</height><width>640</width><depth>3</depth></size><object><name>Car</name><difficult>0</difficult><bndbox><xmin>309</xmin><ymin>249</ymin><xmax>429</xmax><ymax>427</ymax></bndbox></object><object><name>Auto</name><difficult>0</difficult><bndbox><xmin>498</xmin><ymin>281</ymin><xmax>571</xmax><ymax>415</ymax></bndbox></object><object><name>Person</name><difficult>0</difficult><bndbox><xmin>547</xmin><ymin>219</ymin><xmax>589</xmax><ymax>310</ymax></bndbox></object><object><name>Person</name><difficult>0</difficult><bndbox><xmin>483</xmin><ymin>50</ymin><xmax>514</xmax><ymax>115</ymax></bndbox></object><object><name>Person</name><difficult>0</difficult><bndbox><xmin>518</xmin><ymin>93</ymin><xmax>549</xmax><ymax>158</ymax></bndbox></object><object><name>Person</name><difficult>0</difficult><bndbox><xmin>421</xmin><ymin>90</ymin><xmax>464</xmax><ymax>159</ymax></bndbox></object><object><name>Person</name><difficult>0</difficult><bndbox><xmin>384</xmin><ymin>67</ymin><xmax>411</xmax><ymax>131</ymax></bndbox></object><object><name>Person</name><difficult>0</difficult><bndbox><xmin>186</xmin><ymin>148</ymin><xmax>234</xmax><ymax>231</ymax></bndbox></object><object><name>Person</name><difficult>0</difficult><bndbox><xmin>420</xmin><ymin>18</ymin><xmax>451</xmax><ymax>53</ymax></bndbox></object><object><name>Car</name><difficult>0</difficult><bndbox><xmin>312</xmin><ymin>27</ymin><xmax>394</xmax><ymax>96</ymax></bndbox></object><object><name>Person</name><difficult>0</difficult><bndbox><xmin>270</xmin><ymin>22</ymin><xmax>303</xmax><ymax>81</ymax></bndbox></object><object><name>Car</name><difficult>0</difficult><bndbox><xmin>139</xmin><ymin>364</ymin><xmax>262</xmax><ymax>482</ymax></bndbox></object></annotation>