<annotation><filename>frame_1024.jpg</filename><size><height>482</height><width>640</width><depth>3</depth></size><object><name>Car</name><difficult>0</difficult><bndbox><xmin>213</xmin><ymin>147</ymin><xmax>303</xmax><ymax>258</ymax></bndbox></object><object><name>Car</name><difficult>0</difficult><bndbox><xmin>345</xmin><ymin>214</ymin><xmax>440</xmax><ymax>357</ymax></bndbox></object><object><name>Person</name><difficult>0</difficult><bndbox><xmin>545</xmin><ymin>290</ymin><xmax>593</xmax><ymax>406</ymax></bndbox></object><object><name>Person</name><difficult>0</difficult><bndbox><xmin>510</xmin><ymin>81</ymin><xmax>538</xmax><ymax>150</ymax></bndbox></object><object><name>Person</name><difficult>0</difficult><bndbox><xmin>519</xmin><ymin>38</ymin><xmax>550</xmax><ymax>94</ymax></bndbox></object><object><name>Car</name><difficult>0</difficult><bndbox><xmin>128</xmin><ymin>328</ymin><xmax>281</xmax><ymax>481</ymax></bndbox></object></annotation>