<annotation><filename>frame_1019.jpg</filename><size><height>482</height><width>640</width><depth>3</depth></size><object><name>Person</name><difficult>0</difficult><bndbox><xmin>482</xmin><ymin>98</ymin><xmax>535</xmax><ymax>181</ymax></bndbox></object><object><name>Person</name><difficult>0</difficult><bndbox><xmin>346</xmin><ymin>129</ymin><xmax>393</xmax><ymax>236</ymax></bndbox></object><object><name>Person</name><difficult>0</difficult><bndbox><xmin>186</xmin><ymin>325</ymin><xmax>251</xmax><ymax>453</ymax></bndbox></object><object><name>Car</name><difficult>0</difficult><bndbox><xmin>382</xmin><ymin>222</ymin><xmax>488</xmax><ymax>351</ymax></bndbox></object><object><name>Car</name><difficult>0</difficult><bndbox><xmin>238</xmin><ymin>72</ymin><xmax>323</xmax><ymax>168</ymax></bndbox></object><object><name>Car</name><difficult>0</difficult><bndbox><xmin>389</xmin><ymin>18</ymin><xmax>436</xmax><ymax>59</ymax></bndbox></object><object><name>Person</name><difficult>0</difficult><bndbox><xmin>521</xmin><ymin>16</ymin><xmax>547</xmax><ymax>74</ymax></bndbox></object></annotation>