<annotation><filename>frame_1013.jpg</filename><size><height>482</height><width>640</width><depth>3</depth></size><object><name>Car</name><difficult>0</difficult><bndbox><xmin>351</xmin><ymin>113</ymin><xmax>435</xmax><ymax>212</ymax></bndbox></object><object><name>Car</name><difficult>0</difficult><bndbox><xmin>184</xmin><ymin>276</ymin><xmax>307</xmax><ymax>411</ymax></bndbox></object><object><name>Car</name><difficult>0</difficult><bndbox><xmin>253</xmin><ymin>65</ymin><xmax>325</xmax><ymax>143</ymax></bndbox></object><object><name>Car</name><difficult>0</difficult><bndbox><xmin>391</xmin><ymin>25</ymin><xmax>459</xmax><ymax>94</ymax></bndbox></object><object><name>Car</name><difficult>0</difficult><bndbox><xmin>284</xmin><ymin>21</ymin><xmax>356</xmax><ymax>87</ymax></bndbox></object><object><name>Car</name><difficult>0</difficult><bndbox><xmin>286</xmin><ymin>24</ymin><xmax>356</xmax><ymax>82</ymax></bndbox></object><object><name>Person</name><difficult>0</difficult><bndbox><xmin>579</xmin><ymin>355</ymin><xmax>625</xmax><ymax>471</ymax></bndbox></object><object><name>Person</name><difficult>0</difficult><bndbox><xmin>464</xmin><ymin>378</ymin><xmax>556</xmax><ymax>481</ymax></bndbox></object><object><name>Person</name><difficult>0</difficult><bndbox><xmin>469</xmin><ymin>91</ymin><xmax>500</xmax><ymax>163</ymax></bndbox></object><object><name>Auto</name><difficult>0</difficult><bndbox><xmin>515</xmin><ymin>22</ymin><xmax>540</xmax><ymax>80</ymax></bndbox></object></annotation>