<annotation><filename>frame_349.jpg</filename><size><height>482</height><width>640</width><depth>3</depth></size><object><name>Bus</name><difficult>0</difficult><bndbox><xmin>253</xmin><ymin>114</ymin><xmax>386</xmax><ymax>426</ymax></bndbox></object><object><name>Person</name><difficult>0</difficult><bndbox><xmin>399</xmin><ymin>160</ymin><xmax>442</xmax><ymax>243</ymax></bndbox></object><object><name>Person</name><difficult>0</difficult><bndbox><xmin>148</xmin><ymin>232</ymin><xmax>211</xmax><ymax>327</ymax></bndbox></object><object><name>Person</name><difficult>0</difficult><bndbox><xmin>466</xmin><ymin>102</ymin><xmax>523</xmax><ymax>179</ymax></bndbox></object><object><name>Person</name><difficult>0</difficult><bndbox><xmin>485</xmin><ymin>235</ymin><xmax>527</xmax><ymax>312</ymax></bndbox></object><object><name>Person</name><difficult>0</difficult><bndbox><xmin>547</xmin><ymin>282</ymin><xmax>593</xmax><ymax>385</ymax></bndbox></object><object><name>Person</name><difficult>0</difficult><bndbox><xmin>538</xmin><ymin>186</ymin><xmax>582</xmax><ymax>267</ymax></bndbox></object><object><name>Person</name><difficult>0</difficult><bndbox><xmin>553</xmin><ymin>403</ymin><xmax>595</xmax><ymax>481</ymax></bndbox></object><object><name>Auto</name><difficult>0</difficult><bndbox><xmin>442</xmin><ymin>310</ymin><xmax>529</xmax><ymax>456</ymax></bndbox></object><object><name>Auto</name><difficult>0</difficult><bndbox><xmin>469</xmin><ymin>17</ymin><xmax>532</xmax><ymax>80</ymax></bndbox></object><object><name>Auto</name><difficult>0</difficult><bndbox><xmin>218</xmin><ymin>69</ymin><xmax>318</xmax><ymax>187</ymax></bndbox></object><object><name>Car</name><difficult>0</difficult><bndbox><xmin>366</xmin><ymin>18</ymin><xmax>447</xmax><ymax>95</ymax></bndbox></object></annotation>