<annotation><filename>frame_350.jpg</filename><size><height>482</height><width>640</width><depth>3</depth></size><object><name>Auto</name><difficult>0</difficult><bndbox><xmin>72</xmin><ymin>343</ymin><xmax>212</xmax><ymax>482</ymax></bndbox></object><object><name>Person</name><difficult>0</difficult><bndbox><xmin>454</xmin><ymin>406</ymin><xmax>524</xmax><ymax>482</ymax></bndbox></object><object><name>Car</name><difficult>0</difficult><bndbox><xmin>284</xmin><ymin>212</ymin><xmax>398</xmax><ymax>361</ymax></bndbox></object><object><name>Auto</name><difficult>0</difficult><bndbox><xmin>472</xmin><ymin>129</ymin><xmax>537</xmax><ymax>226</ymax></bndbox></object><object><name>Car</name><difficult>0</difficult><bndbox><xmin>422</xmin><ymin>62</ymin><xmax>478</xmax><ymax>138</ymax></bndbox></object><object><name>Person</name><difficult>0</difficult><bndbox><xmin>402</xmin><ymin>30</ymin><xmax>429</xmax><ymax>74</ymax></bndbox></object><object><name>Auto</name><difficult>0</difficult><bndbox><xmin>275</xmin><ymin>18</ymin><xmax>336</xmax><ymax>87</ymax></bndbox></object></annotation>