<annotation><filename>frame_292.jpg</filename><size><height>482</height><width>640</width><depth>3</depth></size><object><name>Auto</name><difficult>0</difficult><bndbox><xmin>339</xmin><ymin>286</ymin><xmax>457</xmax><ymax>464</ymax></bndbox></object><object><name>Car</name><difficult>0</difficult><bndbox><xmin>119</xmin><ymin>285</ymin><xmax>235</xmax><ymax>462</ymax></bndbox></object><object><name>Car</name><difficult>0</difficult><bndbox><xmin>296</xmin><ymin>160</ymin><xmax>386</xmax><ymax>267</ymax></bndbox></object><object><name>Car</name><difficult>0</difficult><bndbox><xmin>348</xmin><ymin>55</ymin><xmax>425</xmax><ymax>142</ymax></bndbox></object><object><name>Auto</name><difficult>0</difficult><bndbox><xmin>458</xmin><ymin>38</ymin><xmax>533</xmax><ymax>156</ymax></bndbox></object><object><name>Person</name><difficult>0</difficult><bndbox><xmin>272</xmin><ymin>47</ymin><xmax>313</xmax><ymax>114</ymax></bndbox></object></annotation>