<annotation><filename>frame_203.jpg</filename><size><height>482</height><width>640</width><depth>3</depth></size><object><name>Car</name><difficult>0</difficult><bndbox><xmin>242</xmin><ymin>93</ymin><xmax>324</xmax><ymax>186</ymax></bndbox></object><object><name>Person</name><difficult>0</difficult><bndbox><xmin>372</xmin><ymin>140</ymin><xmax>417</xmax><ymax>231</ymax></bndbox></object><object><name>Person</name><difficult>0</difficult><bndbox><xmin>482</xmin><ymin>32</ymin><xmax>516</xmax><ymax>99</ymax></bndbox></object></annotation>