<annotation><filename>frame_283.jpg</filename><size><height>482</height><width>640</width><depth>3</depth></size><object><name>Person</name><difficult>0</difficult><bndbox><xmin>378</xmin><ymin>216</ymin><xmax>420</xmax><ymax>310</ymax></bndbox></object><object><name>Person</name><difficult>0</difficult><bndbox><xmin>548</xmin><ymin>273</ymin><xmax>598</xmax><ymax>385</ymax></bndbox></object><object><name>Person</name><difficult>0</difficult><bndbox><xmin>532</xmin><ymin>162</ymin><xmax>567</xmax><ymax>253</ymax></bndbox></object><object><name>Person</name><difficult>0</difficult><bndbox><xmin>454</xmin><ymin>154</ymin><xmax>487</xmax><ymax>232</ymax></bndbox></object><object><name>Person</name><difficult>0</difficult><bndbox><xmin>332</xmin><ymin>119</ymin><xmax>364</xmax><ymax>194</ymax></bndbox></object><object><name>Person</name><difficult>0</difficult><bndbox><xmin>424</xmin><ymin>105</ymin><xmax>457</xmax><ymax>169</ymax></bndbox></object><object><name>Person</name><difficult>0</difficult><bndbox><xmin>349</xmin><ymin>68</ymin><xmax>387</xmax><ymax>138</ymax></bndbox></object><object><name>Person</name><difficult>0</difficult><bndbox><xmin>426</xmin><ymin>53</ymin><xmax>455</xmax><ymax>112</ymax></bndbox></object></annotation>