<annotation><filename>frame_217.jpg</filename><size><height>482</height><width>640</width><depth>3</depth></size><object><name>Car</name><difficult>0</difficult><bndbox><xmin>451</xmin><ymin>56</ymin><xmax>521</xmax><ymax>138</ymax></bndbox></object><object><name>Person</name><difficult>0</difficult><bndbox><xmin>279</xmin><ymin>264</ymin><xmax>336</xmax><ymax>378</ymax></bndbox></object><object><name>Car</name><difficult>0</difficult><bndbox><xmin>399</xmin><ymin>22</ymin><xmax>462</xmax><ymax>82</ymax></bndbox></object></annotation>