<annotation><filename>frame_1149.jpg</filename><size><height>482</height><width>640</width><depth>3</depth></size><object><name>Car</name><difficult>0</difficult><bndbox><xmin>237</xmin><ymin>75</ymin><xmax>317</xmax><ymax>190</ymax></bndbox></object><object><name>Person</name><difficult>0</difficult><bndbox><xmin>496</xmin><ymin>189</ymin><xmax>537</xmax><ymax>278</ymax></bndbox></object><object><name>Person</name><difficult>0</difficult><bndbox><xmin>421</xmin><ymin>130</ymin><xmax>466</xmax><ymax>211</ymax></bndbox></object><object><name>Person</name><difficult>0</difficult><bndbox><xmin>443</xmin><ymin>323</ymin><xmax>484</xmax><ymax>446</ymax></bndbox></object></annotation>