<annotation><filename>frame_3.jpg</filename><size><height>482</height><width>640</width><depth>3</depth></size><object><name>Car</name><difficult>0</difficult><bndbox><xmin>379</xmin><ymin>344</ymin><xmax>486</xmax><ymax>474</ymax></bndbox></object><object><name>Car</name><difficult>0</difficult><bndbox><xmin>253</xmin><ymin>75</ymin><xmax>316</xmax><ymax>158</ymax></bndbox></object><object><name>Car</name><difficult>0</difficult><bndbox><xmin>397</xmin><ymin>109</ymin><xmax>470</xmax><ymax>192</ymax></bndbox></object></annotation>