<annotation><filename>frame_1009.jpg</filename><size><height>482</height><width>640</width><depth>3</depth></size><object><name>Person</name><difficult>0</difficult><bndbox><xmin>327</xmin><ymin>150</ymin><xmax>372</xmax><ymax>241</ymax></bndbox></object><object><name>Person</name><difficult>0</difficult><bndbox><xmin>223</xmin><ymin>221</ymin><xmax>263</xmax><ymax>306</ymax></bndbox></object><object><name>Car</name><difficult>0</difficult><bndbox><xmin>328</xmin><ymin>258</ymin><xmax>430</xmax><ymax>400</ymax></bndbox></object></annotation>