<annotation><filename>frame_218.jpg</filename><size><height>482</height><width>640</width><depth>3</depth></size><object><name>Car</name><difficult>0</difficult><bndbox><xmin>207</xmin><ymin>280</ymin><xmax>318</xmax><ymax>418</ymax></bndbox></object><object><name>Person</name><difficult>0</difficult><bndbox><xmin>107</xmin><ymin>343</ymin><xmax>173</xmax><ymax>466</ymax></bndbox></object><object><name>Person</name><difficult>0</difficult><bndbox><xmin>350</xmin><ymin>208</ymin><xmax>388</xmax><ymax>304</ymax></bndbox></object><object><name>Person</name><difficult>0</difficult><bndbox><xmin>424</xmin><ymin>165</ymin><xmax>470</xmax><ymax>255</ymax></bndbox></object><object><name>Person</name><difficult>0</difficult><bndbox><xmin>492</xmin><ymin>105</ymin><xmax>538</xmax><ymax>196</ymax></bndbox></object><object><name>Car</name><difficult>0</difficult><bndbox><xmin>359</xmin><ymin>25</ymin><xmax>425</xmax><ymax>98</ymax></bndbox></object></annotation>