<annotation><filename>frame_306.jpg</filename><size><height>482</height><width>640</width><depth>3</depth></size><object><name>Person</name><difficult>0</difficult><bndbox><xmin>481</xmin><ymin>239</ymin><xmax>539</xmax><ymax>348</ymax></bndbox></object><object><name>Car</name><difficult>0</difficult><bndbox><xmin>159</xmin><ymin>326</ymin><xmax>277</xmax><ymax>478</ymax></bndbox></object><object><name>Car</name><difficult>0</difficult><bndbox><xmin>259</xmin><ymin>28</ymin><xmax>327</xmax><ymax>119</ymax></bndbox></object><object><name>Bus</name><difficult>0</difficult><bndbox><xmin>351</xmin><ymin>22</ymin><xmax>460</xmax><ymax>215</ymax></bndbox></object></annotation>