<annotation><filename>frame_327.jpg</filename><size><height>482</height><width>640</width><depth>3</depth></size><object><name>Car</name><difficult>0</difficult><bndbox><xmin>257</xmin><ymin>115</ymin><xmax>344</xmax><ymax>220</ymax></bndbox></object><object><name>Person</name><difficult>0</difficult><bndbox><xmin>338</xmin><ymin>82</ymin><xmax>377</xmax><ymax>151</ymax></bndbox></object><object><name>Auto</name><difficult>0</difficult><bndbox><xmin>462</xmin><ymin>87</ymin><xmax>539</xmax><ymax>192</ymax></bndbox></object><object><name>Car</name><difficult>0</difficult><bndbox><xmin>368</xmin><ymin>49</ymin><xmax>447</xmax><ymax>123</ymax></bndbox></object></annotation>