<annotation><filename>frame_353.jpg</filename><size><height>482</height><width>640</width><depth>3</depth></size><object><name>Person</name><difficult>0</difficult><bndbox><xmin>365</xmin><ymin>350</ymin><xmax>417</xmax><ymax>475</ymax></bndbox></object><object><name>Person</name><difficult>0</difficult><bndbox><xmin>485</xmin><ymin>103</ymin><xmax>553</xmax><ymax>198</ymax></bndbox></object><object><name>Person</name><difficult>0</difficult><bndbox><xmin>510</xmin><ymin>12</ymin><xmax>543</xmax><ymax>63</ymax></bndbox></object></annotation>