<annotation><filename>frame_1004.jpg</filename><size><height>482</height><width>640</width><depth>3</depth></size><object><name>Car</name><difficult>0</difficult><bndbox><xmin>354</xmin><ymin>210</ymin><xmax>446</xmax><ymax>328</ymax></bndbox></object><object><name>Person</name><difficult>0</difficult><bndbox><xmin>275</xmin><ymin>111</ymin><xmax>311</xmax><ymax>220</ymax></bndbox></object><object><name>Person</name><difficult>0</difficult><bndbox><xmin>470</xmin><ymin>286</ymin><xmax>517</xmax><ymax>405</ymax></bndbox></object><object><name>Person</name><difficult>0</difficult><bndbox><xmin>500</xmin><ymin>24</ymin><xmax>534</xmax><ymax>55</ymax></bndbox></object><object><name>Auto</name><difficult>0</difficult><bndbox><xmin>424</xmin><ymin>21</ymin><xmax>482</xmax><ymax>54</ymax></bndbox></object></annotation>