<annotation><filename>frame_208.jpg</filename><size><height>482</height><width>640</width><depth>3</depth></size><object><name>Person</name><difficult>0</difficult><bndbox><xmin>241</xmin><ymin>84</ymin><xmax>277</xmax><ymax>160</ymax></bndbox></object><object><name>Person</name><difficult>0</difficult><bndbox><xmin>419</xmin><ymin>91</ymin><xmax>461</xmax><ymax>172</ymax></bndbox></object><object><name>Bus</name><difficult>0</difficult><bndbox><xmin>332</xmin><ymin>379</ymin><xmax>383</xmax><ymax>475</ymax></bndbox></object></annotation>