<annotation><filename>frame_1126.jpg</filename><size><height>482</height><width>640</width><depth>3</depth></size><object><name>Car</name><difficult>0</difficult><bndbox><xmin>285</xmin><ymin>20</ymin><xmax>352</xmax><ymax>88</ymax></bndbox></object><object><name>Person</name><difficult>0</difficult><bndbox><xmin>233</xmin><ymin>404</ymin><xmax>295</xmax><ymax>480</ymax></bndbox></object><object><name>Bus</name><difficult>0</difficult><bndbox><xmin>327</xmin><ymin>377</ymin><xmax>530</xmax><ymax>480</ymax></bndbox></object></annotation>