<annotation><filename>frame_109.jpg</filename><size><height>482</height><width>640</width><depth>3</depth></size><object><name>Car</name><difficult>0</difficult><bndbox><xmin>318</xmin><ymin>161</ymin><xmax>405</xmax><ymax>271</ymax></bndbox></object><object><name>Auto</name><difficult>0</difficult><bndbox><xmin>460</xmin><ymin>108</ymin><xmax>525</xmax><ymax>192</ymax></bndbox></object><object><name>Person</name><difficult>0</difficult><bndbox><xmin>501</xmin><ymin>42</ymin><xmax>539</xmax><ymax>97</ymax></bndbox></object><object><name>Person</name><difficult>0</difficult><bndbox><xmin>378</xmin><ymin>23</ymin><xmax>414</xmax><ymax>53</ymax></bndbox></object></annotation>