<annotation><filename>frame_352.jpg</filename><size><height>482</height><width>640</width><depth>3</depth></size><object><name>Person</name><difficult>0</difficult><bndbox><xmin>398</xmin><ymin>75</ymin><xmax>450</xmax><ymax>150</ymax></bndbox></object><object><name>Person</name><difficult>0</difficult><bndbox><xmin>128</xmin><ymin>274</ymin><xmax>190</xmax><ymax>334</ymax></bndbox></object><object><name>Auto</name><difficult>0</difficult><bndbox><xmin>119</xmin><ymin>330</ymin><xmax>236</xmax><ymax>474</ymax></bndbox></object></annotation>