<annotation><filename>frame_241.jpg</filename><size><height>482</height><width>640</width><depth>3</depth></size><object><name>Car</name><difficult>0</difficult><bndbox><xmin>213</xmin><ymin>172</ymin><xmax>309</xmax><ymax>274</ymax></bndbox></object><object><name>Person</name><difficult>0</difficult><bndbox><xmin>363</xmin><ymin>400</ymin><xmax>419</xmax><ymax>479</ymax></bndbox></object><object><name>Car</name><difficult>0</difficult><bndbox><xmin>287</xmin><ymin>20</ymin><xmax>364</xmax><ymax>72</ymax></bndbox></object><object><name>Car</name><difficult>0</difficult><bndbox><xmin>477</xmin><ymin>392</ymin><xmax>619</xmax><ymax>479</ymax></bndbox></object></annotation>