<annotation><filename>frame_0.jpg</filename><size><height>482</height><width>640</width><depth>3</depth></size><object><name>Car</name><difficult>0</difficult><bndbox><xmin>380</xmin><ymin>80</ymin><xmax>449</xmax><ymax>166</ymax></bndbox></object><object><name>Person</name><difficult>0</difficult><bndbox><xmin>380</xmin><ymin>169</ymin><xmax>435</xmax><ymax>252</ymax></bndbox></object><object><name>Person</name><difficult>0</difficult><bndbox><xmin>497</xmin><ymin>220</ymin><xmax>538</xmax><ymax>316</ymax></bndbox></object><object><name>Person</name><difficult>0</difficult><bndbox><xmin>102</xmin><ymin>328</ymin><xmax>165</xmax><ymax>458</ymax></bndbox></object><object><name>Car</name><difficult>0</difficult><bndbox><xmin>291</xmin><ymin>25</ymin><xmax>358</xmax><ymax>61</ymax></bndbox></object><object><name>Car</name><difficult>0</difficult><bndbox><xmin>436</xmin><ymin>23</ymin><xmax>501</xmax><ymax>65</ymax></bndbox></object><object><name>Car</name><difficult>0</difficult><bndbox><xmin>261</xmin><ymin>74</ymin><xmax>336</xmax><ymax>186</ymax></bndbox></object></annotation>