<annotation><filename>frame_154.jpg</filename><size><height>482</height><width>640</width><depth>3</depth></size><object><name>Car</name><difficult>0</difficult><bndbox><xmin>234</xmin><ymin>273</ymin><xmax>341</xmax><ymax>415</ymax></bndbox></object><object><name>Car</name><difficult>0</difficult><bndbox><xmin>382</xmin><ymin>148</ymin><xmax>469</xmax><ymax>253</ymax></bndbox></object><object><name>Car</name><difficult>0</difficult><bndbox><xmin>253</xmin><ymin>94</ymin><xmax>323</xmax><ymax>183</ymax></bndbox></object><object><name>Person</name><difficult>0</difficult><bndbox><xmin>408</xmin><ymin>42</ymin><xmax>435</xmax><ymax>93</ymax></bndbox></object><object><name>Person</name><difficult>0</difficult><bndbox><xmin>458</xmin><ymin>70</ymin><xmax>489</xmax><ymax>131</ymax></bndbox></object><object><name>Person</name><difficult>0</difficult><bndbox><xmin>494</xmin><ymin>22</ymin><xmax>524</xmax><ymax>79</ymax></bndbox></object><object><name>Person</name><difficult>0</difficult><bndbox><xmin>428</xmin><ymin>25</ymin><xmax>460</xmax><ymax>59</ymax></bndbox></object><object><name>Person</name><difficult>0</difficult><bndbox><xmin>321</xmin><ymin>66</ymin><xmax>347</xmax><ymax>127</ymax></bndbox></object><object><name>Person</name><difficult>0</difficult><bndbox><xmin>343</xmin><ymin>38</ymin><xmax>377</xmax><ymax>92</ymax></bndbox></object></annotation>