<annotation><filename>frame_1039.jpg</filename><size><height>482</height><width>640</width><depth>3</depth></size><object><name>Person</name><difficult>0</difficult><bndbox><xmin>460</xmin><ymin>244</ymin><xmax>495</xmax><ymax>338</ymax></bndbox></object><object><name>Person</name><difficult>0</difficult><bndbox><xmin>340</xmin><ymin>237</ymin><xmax>385</xmax><ymax>327</ymax></bndbox></object><object><name>Person</name><difficult>0</difficult><bndbox><xmin>310</xmin><ymin>143</ymin><xmax>353</xmax><ymax>224</ymax></bndbox></object><object><name>Person</name><difficult>0</difficult><bndbox><xmin>485</xmin><ymin>31</ymin><xmax>512</xmax><ymax>79</ymax></bndbox></object></annotation>