<annotation><filename>frame_298.jpg</filename><size><height>482</height><width>640</width><depth>3</depth></size><object><name>Car</name><difficult>0</difficult><bndbox><xmin>219</xmin><ymin>158</ymin><xmax>318</xmax><ymax>278</ymax></bndbox></object><object><name>Person</name><difficult>0</difficult><bndbox><xmin>441</xmin><ymin>129</ymin><xmax>481</xmax><ymax>229</ymax></bndbox></object><object><name>Person</name><difficult>0</difficult><bndbox><xmin>349</xmin><ymin>399</ymin><xmax>400</xmax><ymax>482</ymax></bndbox></object><object><name>Person</name><difficult>0</difficult><bndbox><xmin>523</xmin><ymin>259</ymin><xmax>587</xmax><ymax>376</ymax></bndbox></object><object><name>Person</name><difficult>0</difficult><bndbox><xmin>494</xmin><ymin>17</ymin><xmax>528</xmax><ymax>56</ymax></bndbox></object><object><name>Person</name><difficult>0</difficult><bndbox><xmin>440</xmin><ymin>18</ymin><xmax>475</xmax><ymax>47</ymax></bndbox></object><object><name>Person</name><difficult>0</difficult><bndbox><xmin>288</xmin><ymin>14</ymin><xmax>323</xmax><ymax>51</ymax></bndbox></object><object><name>Person</name><difficult>0</difficult><bndbox><xmin>195</xmin><ymin>378</ymin><xmax>265</xmax><ymax>482</ymax></bndbox></object><object><name>Car</name><difficult>0</difficult><bndbox><xmin>392</xmin><ymin>42</ymin><xmax>476</xmax><ymax>122</ymax></bndbox></object></annotation>