<annotation><filename>frame_1086.jpg</filename><size><height>482</height><width>640</width><depth>3</depth></size><object><name>Auto</name><difficult>0</difficult><bndbox><xmin>381</xmin><ymin>211</ymin><xmax>451</xmax><ymax>330</ymax></bndbox></object><object><name>Person</name><difficult>0</difficult><bndbox><xmin>463</xmin><ymin>334</ymin><xmax>506</xmax><ymax>449</ymax></bndbox></object><object><name>Car</name><difficult>0</difficult><bndbox><xmin>250</xmin><ymin>83</ymin><xmax>342</xmax><ymax>170</ymax></bndbox></object></annotation>