<annotation><filename>frame_228.jpg</filename><size><height>482</height><width>640</width><depth>3</depth></size><object><name>Car</name><difficult>0</difficult><bndbox><xmin>118</xmin><ymin>305</ymin><xmax>239</xmax><ymax>463</ymax></bndbox></object><object><name>Person</name><difficult>0</difficult><bndbox><xmin>332</xmin><ymin>154</ymin><xmax>375</xmax><ymax>246</ymax></bndbox></object><object><name>Person</name><difficult>0</difficult><bndbox><xmin>474</xmin><ymin>26</ymin><xmax>507</xmax><ymax>94</ymax></bndbox></object></annotation>