<annotation><filename>frame_118.jpg</filename><size><height>482</height><width>640</width><depth>3</depth></size><object><name>Car</name><difficult>0</difficult><bndbox><xmin>273</xmin><ymin>332</ymin><xmax>389</xmax><ymax>475</ymax></bndbox></object><object><name>Car</name><difficult>0</difficult><bndbox><xmin>419</xmin><ymin>233</ymin><xmax>508</xmax><ymax>356</ymax></bndbox></object><object><name>Car</name><difficult>0</difficult><bndbox><xmin>103</xmin><ymin>357</ymin><xmax>205</xmax><ymax>474</ymax></bndbox></object><object><name>Person</name><difficult>0</difficult><bndbox><xmin>249</xmin><ymin>198</ymin><xmax>286</xmax><ymax>290</ymax></bndbox></object><object><name>Person</name><difficult>0</difficult><bndbox><xmin>347</xmin><ymin>190</ymin><xmax>379</xmax><ymax>273</ymax></bndbox></object><object><name>Person</name><difficult>0</difficult><bndbox><xmin>490</xmin><ymin>185</ymin><xmax>530</xmax><ymax>262</ymax></bndbox></object><object><name>Person</name><difficult>0</difficult><bndbox><xmin>463</xmin><ymin>86</ymin><xmax>494</xmax><ymax>146</ymax></bndbox></object><object><name>Person</name><difficult>0</difficult><bndbox><xmin>383</xmin><ymin>52</ymin><xmax>416</xmax><ymax>117</ymax></bndbox></object><object><name>Person</name><difficult>0</difficult><bndbox><xmin>461</xmin><ymin>42</ymin><xmax>493</xmax><ymax>91</ymax></bndbox></object><object><name>Person</name><difficult>0</difficult><bndbox><xmin>314</xmin><ymin>99</ymin><xmax>351</xmax><ymax>179</ymax></bndbox></object></annotation>