<annotation><filename>frame_1018.jpg</filename><size><height>482</height><width>640</width><depth>3</depth></size><object><name>Car</name><difficult>0</difficult><bndbox><xmin>416</xmin><ymin>152</ymin><xmax>498</xmax><ymax>248</ymax></bndbox></object><object><name>Car</name><difficult>0</difficult><bndbox><xmin>207</xmin><ymin>223</ymin><xmax>301</xmax><ymax>357</ymax></bndbox></object><object><name>Person</name><difficult>0</difficult><bndbox><xmin>491</xmin><ymin>376</ymin><xmax>551</xmax><ymax>480</ymax></bndbox></object><object><name>Car</name><difficult>0</difficult><bndbox><xmin>417</xmin><ymin>25</ymin><xmax>476</xmax><ymax>101</ymax></bndbox></object><object><name>Person</name><difficult>0</difficult><bndbox><xmin>308</xmin><ymin>38</ymin><xmax>339</xmax><ymax>113</ymax></bndbox></object><object><name>Person</name><difficult>0</difficult><bndbox><xmin>356</xmin><ymin>87</ymin><xmax>380</xmax><ymax>153</ymax></bndbox></object><object><name>Person</name><difficult>0</difficult><bndbox><xmin>356</xmin><ymin>212</ymin><xmax>389</xmax><ymax>298</ymax></bndbox></object><object><name>Person</name><difficult>0</difficult><bndbox><xmin>338</xmin><ymin>169</ymin><xmax>378</xmax><ymax>236</ymax></bndbox></object></annotation>