<annotation><filename>frame_1153.jpg</filename><size><height>482</height><width>640</width><depth>3</depth></size><object><name>Auto</name><difficult>0</difficult><bndbox><xmin>189</xmin><ymin>168</ymin><xmax>283</xmax><ymax>343</ymax></bndbox></object><object><name>Person</name><difficult>0</difficult><bndbox><xmin>350</xmin><ymin>33</ymin><xmax>377</xmax><ymax>95</ymax></bndbox></object><object><name>Person</name><difficult>0</difficult><bndbox><xmin>490</xmin><ymin>144</ymin><xmax>524</xmax><ymax>227</ymax></bndbox></object><object><name>Car</name><difficult>0</difficult><bndbox><xmin>422</xmin><ymin>21</ymin><xmax>500</xmax><ymax>79</ymax></bndbox></object><object><name>Car</name><difficult>0</difficult><bndbox><xmin>291</xmin><ymin>426</ymin><xmax>410</xmax><ymax>482</ymax></bndbox></object></annotation>