<annotation><filename>frame_320.jpg</filename><size><height>482</height><width>640</width><depth>3</depth></size><object><name>Auto</name><difficult>0</difficult><bndbox><xmin>184</xmin><ymin>168</ymin><xmax>286</xmax><ymax>320</ymax></bndbox></object><object><name>Person</name><difficult>0</difficult><bndbox><xmin>508</xmin><ymin>254</ymin><xmax>581</xmax><ymax>372</ymax></bndbox></object><object><name>Car</name><difficult>0</difficult><bndbox><xmin>325</xmin><ymin>152</ymin><xmax>429</xmax><ymax>295</ymax></bndbox></object></annotation>