<annotation><filename>frame_131.jpg</filename><size><height>482</height><width>640</width><depth>3</depth></size><object><name>Car</name><difficult>0</difficult><bndbox><xmin>424</xmin><ymin>110</ymin><xmax>507</xmax><ymax>212</ymax></bndbox></object><object><name>Car</name><difficult>0</difficult><bndbox><xmin>317</xmin><ymin>24</ymin><xmax>383</xmax><ymax>110</ymax></bndbox></object><object><name>Person</name><difficult>0</difficult><bndbox><xmin>249</xmin><ymin>37</ymin><xmax>283</xmax><ymax>98</ymax></bndbox></object><object><name>Person</name><difficult>0</difficult><bndbox><xmin>358</xmin><ymin>114</ymin><xmax>392</xmax><ymax>185</ymax></bndbox></object><object><name>Person</name><difficult>0</difficult><bndbox><xmin>225</xmin><ymin>153</ymin><xmax>263</xmax><ymax>232</ymax></bndbox></object></annotation>