<annotation><filename>frame_155.jpg</filename><size><height>482</height><width>640</width><depth>3</depth></size><object><name>Person</name><difficult>0</difficult><bndbox><xmin>297</xmin><ymin>331</ymin><xmax>346</xmax><ymax>441</ymax></bndbox></object><object><name>Person</name><difficult>0</difficult><bndbox><xmin>435</xmin><ymin>338</ymin><xmax>489</xmax><ymax>453</ymax></bndbox></object><object><name>Person</name><difficult>0</difficult><bndbox><xmin>496</xmin><ymin>180</ymin><xmax>533</xmax><ymax>267</ymax></bndbox></object><object><name>Person</name><difficult>0</difficult><bndbox><xmin>415</xmin><ymin>158</ymin><xmax>459</xmax><ymax>234</ymax></bndbox></object><object><name>Person</name><difficult>0</difficult><bndbox><xmin>393</xmin><ymin>223</ymin><xmax>438</xmax><ymax>318</ymax></bndbox></object><object><name>Car</name><difficult>0</difficult><bndbox><xmin>433</xmin><ymin>53</ymin><xmax>497</xmax><ymax>130</ymax></bndbox></object></annotation>