<annotation><filename>frame_309.jpg</filename><size><height>482</height><width>640</width><depth>3</depth></size><object><name>Person</name><difficult>0</difficult><bndbox><xmin>445</xmin><ymin>124</ymin><xmax>482</xmax><ymax>203</ymax></bndbox></object><object><name>Person</name><difficult>0</difficult><bndbox><xmin>504</xmin><ymin>120</ymin><xmax>542</xmax><ymax>199</ymax></bndbox></object><object><name>Person</name><difficult>0</difficult><bndbox><xmin>237</xmin><ymin>104</ymin><xmax>277</xmax><ymax>175</ymax></bndbox></object><object><name>Person</name><difficult>0</difficult><bndbox><xmin>480</xmin><ymin>60</ymin><xmax>515</xmax><ymax>121</ymax></bndbox></object><object><name>Person</name><difficult>0</difficult><bndbox><xmin>393</xmin><ymin>154</ymin><xmax>431</xmax><ymax>224</ymax></bndbox></object><object><name>Person</name><difficult>0</difficult><bndbox><xmin>528</xmin><ymin>305</ymin><xmax>578</xmax><ymax>396</ymax></bndbox></object><object><name>Person</name><difficult>0</difficult><bndbox><xmin>390</xmin><ymin>21</ymin><xmax>414</xmax><ymax>78</ymax></bndbox></object></annotation>