<annotation><filename>frame_1190.jpg</filename><size><height>482</height><width>640</width><depth>3</depth></size><object><name>Car</name><difficult>0</difficult><bndbox><xmin>295</xmin><ymin>156</ymin><xmax>385</xmax><ymax>266</ymax></bndbox></object><object><name>Person</name><difficult>0</difficult><bndbox><xmin>418</xmin><ymin>78</ymin><xmax>465</xmax><ymax>155</ymax></bndbox></object><object><name>Person</name><difficult>0</difficult><bndbox><xmin>541</xmin><ymin>152</ymin><xmax>583</xmax><ymax>242</ymax></bndbox></object><object><name>Person</name><difficult>0</difficult><bndbox><xmin>380</xmin><ymin>258</ymin><xmax>433</xmax><ymax>361</ymax></bndbox></object><object><name>Car</name><difficult>0</difficult><bndbox><xmin>184</xmin><ymin>226</ymin><xmax>286</xmax><ymax>367</ymax></bndbox></object><object><name>Car</name><difficult>0</difficult><bndbox><xmin>365</xmin><ymin>19</ymin><xmax>428</xmax><ymax>69</ymax></bndbox></object></annotation>