<annotation><filename>frame_170.jpg</filename><size><height>482</height><width>640</width><depth>3</depth></size><object><name>Auto</name><difficult>0</difficult><bndbox><xmin>308</xmin><ymin>194</ymin><xmax>384</xmax><ymax>312</ymax></bndbox></object><object><name>Auto</name><difficult>0</difficult><bndbox><xmin>257</xmin><ymin>50</ymin><xmax>310</xmax><ymax>125</ymax></bndbox></object><object><name>Car</name><difficult>0</difficult><bndbox><xmin>303</xmin><ymin>20</ymin><xmax>364</xmax><ymax>80</ymax></bndbox></object><object><name>Car</name><difficult>0</difficult><bndbox><xmin>303</xmin><ymin>19</ymin><xmax>363</xmax><ymax>80</ymax></bndbox></object><object><name>Person</name><difficult>0</difficult><bndbox><xmin>456</xmin><ymin>137</ymin><xmax>495</xmax><ymax>220</ymax></bndbox></object><object><name>Person</name><difficult>0</difficult><bndbox><xmin>515</xmin><ymin>70</ymin><xmax>553</xmax><ymax>140</ymax></bndbox></object><object><name>Auto</name><difficult>0</difficult><bndbox><xmin>391</xmin><ymin>24</ymin><xmax>453</xmax><ymax>98</ymax></bndbox></object><object><name>Car</name><difficult>0</difficult><bndbox><xmin>104</xmin><ymin>352</ymin><xmax>236</xmax><ymax>474</ymax></bndbox></object></annotation>