<annotation><filename>frame_162.jpg</filename><size><height>482</height><width>640</width><depth>3</depth></size><object><name>Auto</name><difficult>0</difficult><bndbox><xmin>263</xmin><ymin>62</ymin><xmax>349</xmax><ymax>206</ymax></bndbox></object><object><name>Car</name><difficult>0</difficult><bndbox><xmin>357</xmin><ymin>82</ymin><xmax>428</xmax><ymax>158</ymax></bndbox></object><object><name>Bus</name><difficult>0</difficult><bndbox><xmin>445</xmin><ymin>24</ymin><xmax>530</xmax><ymax>90</ymax></bndbox></object><object><name>Person</name><difficult>0</difficult><bndbox><xmin>371</xmin><ymin>23</ymin><xmax>397</xmax><ymax>63</ymax></bndbox></object></annotation>