<annotation><filename>frame_1000.jpg</filename><size><height>482</height><width>640</width><depth>3</depth></size><object><name>Auto</name><difficult>0</difficult><bndbox><xmin>417</xmin><ymin>64</ymin><xmax>500</xmax><ymax>181</ymax></bndbox></object><object><name>Car</name><difficult>0</difficult><bndbox><xmin>84</xmin><ymin>338</ymin><xmax>207</xmax><ymax>478</ymax></bndbox></object><object><name>Car</name><difficult>0</difficult><bndbox><xmin>246</xmin><ymin>73</ymin><xmax>310</xmax><ymax>166</ymax></bndbox></object><object><name>Car</name><difficult>0</difficult><bndbox><xmin>234</xmin><ymin>196</ymin><xmax>341</xmax><ymax>316</ymax></bndbox></object><object><name>Bus</name><difficult>0</difficult><bndbox><xmin>396</xmin><ymin>382</ymin><xmax>621</xmax><ymax>480</ymax></bndbox></object><object><name>Bus</name><difficult>0</difficult><bndbox><xmin>339</xmin><ymin>17</ymin><xmax>414</xmax><ymax>86</ymax></bndbox></object><object><name>Car</name><difficult>0</difficult><bndbox><xmin>222</xmin><ymin>407</ymin><xmax>359</xmax><ymax>478</ymax></bndbox></object></annotation>