<annotation><filename>frame_1103.jpg</filename><size><height>482</height><width>640</width><depth>3</depth></size><object><name>Person</name><difficult>0</difficult><bndbox><xmin>463</xmin><ymin>319</ymin><xmax>527</xmax><ymax>430</ymax></bndbox></object><object><name>Person</name><difficult>0</difficult><bndbox><xmin>279</xmin><ymin>156</ymin><xmax>324</xmax><ymax>237</ymax></bndbox></object><object><name>Person</name><difficult>0</difficult><bndbox><xmin>492</xmin><ymin>65</ymin><xmax>528</xmax><ymax>133</ymax></bndbox></object><object><name>Car</name><difficult>0</difficult><bndbox><xmin>309</xmin><ymin>262</ymin><xmax>430</xmax><ymax>439</ymax></bndbox></object></annotation>