<annotation><filename>frame_1043.jpg</filename><size><height>482</height><width>640</width><depth>3</depth></size><object><name>Car</name><difficult>0</difficult><bndbox><xmin>361</xmin><ymin>290</ymin><xmax>472</xmax><ymax>448</ymax></bndbox></object><object><name>Car</name><difficult>0</difficult><bndbox><xmin>226</xmin><ymin>97</ymin><xmax>312</xmax><ymax>197</ymax></bndbox></object><object><name>Person</name><difficult>0</difficult><bndbox><xmin>513</xmin><ymin>155</ymin><xmax>542</xmax><ymax>236</ymax></bndbox></object><object><name>Person</name><difficult>0</difficult><bndbox><xmin>453</xmin><ymin>74</ymin><xmax>489</xmax><ymax>165</ymax></bndbox></object></annotation>