<annotation><filename>frame_1157.jpg</filename><size><height>482</height><width>640</width><depth>3</depth></size><object><name>Car</name><difficult>0</difficult><bndbox><xmin>360</xmin><ymin>117</ymin><xmax>434</xmax><ymax>241</ymax></bndbox></object><object><name>Car</name><difficult>0</difficult><bndbox><xmin>314</xmin><ymin>303</ymin><xmax>431</xmax><ymax>463</ymax></bndbox></object><object><name>Person</name><difficult>0</difficult><bndbox><xmin>532</xmin><ymin>195</ymin><xmax>582</xmax><ymax>282</ymax></bndbox></object><object><name>Person</name><difficult>0</difficult><bndbox><xmin>539</xmin><ymin>341</ymin><xmax>595</xmax><ymax>460</ymax></bndbox></object><object><name>Car</name><difficult>0</difficult><bndbox><xmin>253</xmin><ymin>115</ymin><xmax>331</xmax><ymax>206</ymax></bndbox></object><object><name>Car</name><difficult>0</difficult><bndbox><xmin>114</xmin><ymin>361</ymin><xmax>234</xmax><ymax>473</ymax></bndbox></object><object><name>Car</name><difficult>0</difficult><bndbox><xmin>427</xmin><ymin>23</ymin><xmax>488</xmax><ymax>85</ymax></bndbox></object></annotation>