<annotation><filename>frame_1202.jpg</filename><size><height>482</height><width>640</width><depth>3</depth></size><object><name>Person</name><difficult>0</difficult><bndbox><xmin>390</xmin><ymin>92</ymin><xmax>432</xmax><ymax>156</ymax></bndbox></object><object><name>Person</name><difficult>0</difficult><bndbox><xmin>378</xmin><ymin>305</ymin><xmax>426</xmax><ymax>422</ymax></bndbox></object><object><name>Person</name><difficult>0</difficult><bndbox><xmin>528</xmin><ymin>339</ymin><xmax>590</xmax><ymax>456</ymax></bndbox></object><object><name>Person</name><difficult>0</difficult><bndbox><xmin>401</xmin><ymin>160</ymin><xmax>446</xmax><ymax>244</ymax></bndbox></object><object><name>Person</name><difficult>0</difficult><bndbox><xmin>490</xmin><ymin>138</ymin><xmax>536</xmax><ymax>236</ymax></bndbox></object></annotation>