<annotation><filename>frame_153.jpg</filename><size><height>482</height><width>640</width><depth>3</depth></size><object><name>Person</name><difficult>0</difficult><bndbox><xmin>358</xmin><ymin>45</ymin><xmax>404</xmax><ymax>110</ymax></bndbox></object><object><name>Person</name><difficult>0</difficult><bndbox><xmin>422</xmin><ymin>124</ymin><xmax>470</xmax><ymax>205</ymax></bndbox></object><object><name>Person</name><difficult>0</difficult><bndbox><xmin>582</xmin><ymin>278</ymin><xmax>627</xmax><ymax>372</ymax></bndbox></object><object><name>Person</name><difficult>0</difficult><bndbox><xmin>458</xmin><ymin>57</ymin><xmax>488</xmax><ymax>115</ymax></bndbox></object><object><name>Person</name><difficult>0</difficult><bndbox><xmin>480</xmin><ymin>22</ymin><xmax>513</xmax><ymax>74</ymax></bndbox></object><object><name>Auto</name><difficult>0</difficult><bndbox><xmin>395</xmin><ymin>417</ymin><xmax>484</xmax><ymax>481</ymax></bndbox></object></annotation>