<annotation><filename>frame_1021.jpg</filename><size><height>482</height><width>640</width><depth>3</depth></size><object><name>Person</name><difficult>0</difficult><bndbox><xmin>177</xmin><ymin>337</ymin><xmax>226</xmax><ymax>452</ymax></bndbox></object><object><name>Person</name><difficult>0</difficult><bndbox><xmin>573</xmin><ymin>339</ymin><xmax>600</xmax><ymax>458</ymax></bndbox></object><object><name>Person</name><difficult>0</difficult><bndbox><xmin>456</xmin><ymin>347</ymin><xmax>519</xmax><ymax>479</ymax></bndbox></object><object><name>Car</name><difficult>0</difficult><bndbox><xmin>326</xmin><ymin>228</ymin><xmax>448</xmax><ymax>371</ymax></bndbox></object></annotation>