<annotation><filename>frame_1122.jpg</filename><size><height>482</height><width>640</width><depth>3</depth></size><object><name>Car</name><difficult>0</difficult><bndbox><xmin>326</xmin><ymin>224</ymin><xmax>399</xmax><ymax>329</ymax></bndbox></object><object><name>Car</name><difficult>0</difficult><bndbox><xmin>161</xmin><ymin>277</ymin><xmax>270</xmax><ymax>401</ymax></bndbox></object><object><name>Car</name><difficult>0</difficult><bndbox><xmin>293</xmin><ymin>25</ymin><xmax>363</xmax><ymax>88</ymax></bndbox></object><object><name>Person</name><difficult>0</difficult><bndbox><xmin>244</xmin><ymin>415</ymin><xmax>291</xmax><ymax>478</ymax></bndbox></object><object><name>Person</name><difficult>0</difficult><bndbox><xmin>381</xmin><ymin>309</ymin><xmax>425</xmax><ymax>407</ymax></bndbox></object></annotation>