<annotation><filename>frame_1135.jpg</filename><size><height>482</height><width>640</width><depth>3</depth></size><object><name>Person</name><difficult>0</difficult><bndbox><xmin>491</xmin><ymin>66</ymin><xmax>517</xmax><ymax>138</ymax></bndbox></object><object><name>Person</name><difficult>0</difficult><bndbox><xmin>397</xmin><ymin>119</ymin><xmax>432</xmax><ymax>202</ymax></bndbox></object><object><name>Person</name><difficult>0</difficult><bndbox><xmin>351</xmin><ymin>122</ymin><xmax>391</xmax><ymax>207</ymax></bndbox></object><object><name>Car</name><difficult>0</difficult><bndbox><xmin>405</xmin><ymin>23</ymin><xmax>465</xmax><ymax>52</ymax></bndbox></object></annotation>