<annotation><filename>frame_329.jpg</filename><size><height>482</height><width>640</width><depth>3</depth></size><object><name>Person</name><difficult>0</difficult><bndbox><xmin>407</xmin><ymin>140</ymin><xmax>438</xmax><ymax>215</ymax></bndbox></object><object><name>Person</name><difficult>0</difficult><bndbox><xmin>447</xmin><ymin>118</ymin><xmax>493</xmax><ymax>195</ymax></bndbox></object><object><name>Person</name><difficult>0</difficult><bndbox><xmin>497</xmin><ymin>146</ymin><xmax>534</xmax><ymax>224</ymax></bndbox></object><object><name>Person</name><difficult>0</difficult><bndbox><xmin>409</xmin><ymin>21</ymin><xmax>444</xmax><ymax>75</ymax></bndbox></object><object><name>Car</name><difficult>0</difficult><bndbox><xmin>241</xmin><ymin>73</ymin><xmax>320</xmax><ymax>178</ymax></bndbox></object></annotation>