<annotation><filename>frame_150.jpg</filename><size><height>482</height><width>640</width><depth>3</depth></size><object><name>Car</name><difficult>0</difficult><bndbox><xmin>192</xmin><ymin>213</ymin><xmax>281</xmax><ymax>343</ymax></bndbox></object><object><name>Auto</name><difficult>0</difficult><bndbox><xmin>489</xmin><ymin>190</ymin><xmax>566</xmax><ymax>305</ymax></bndbox></object><object><name>Person</name><difficult>0</difficult><bndbox><xmin>430</xmin><ymin>155</ymin><xmax>463</xmax><ymax>226</ymax></bndbox></object><object><name>Person</name><difficult>0</difficult><bndbox><xmin>437</xmin><ymin>112</ymin><xmax>476</xmax><ymax>165</ymax></bndbox></object><object><name>Person</name><difficult>0</difficult><bndbox><xmin>390</xmin><ymin>49</ymin><xmax>428</xmax><ymax>106</ymax></bndbox></object></annotation>