<annotation><filename>frame_1174.jpg</filename><size><height>482</height><width>640</width><depth>3</depth></size><object><name>Auto</name><difficult>0</difficult><bndbox><xmin>252</xmin><ymin>20</ymin><xmax>326</xmax><ymax>132</ymax></bndbox></object><object><name>Person</name><difficult>0</difficult><bndbox><xmin>398</xmin><ymin>119</ymin><xmax>430</xmax><ymax>197</ymax></bndbox></object><object><name>Person</name><difficult>0</difficult><bndbox><xmin>354</xmin><ymin>64</ymin><xmax>387</xmax><ymax>144</ymax></bndbox></object></annotation>