<annotation><filename>frame_348.jpg</filename><size><height>482</height><width>640</width><depth>3</depth></size><object><name>Person</name><difficult>0</difficult><bndbox><xmin>241</xmin><ymin>238</ymin><xmax>317</xmax><ymax>344</ymax></bndbox></object><object><name>Auto</name><difficult>0</difficult><bndbox><xmin>439</xmin><ymin>96</ymin><xmax>501</xmax><ymax>203</ymax></bndbox></object><object><name>Person</name><difficult>0</difficult><bndbox><xmin>527</xmin><ymin>115</ymin><xmax>563</xmax><ymax>170</ymax></bndbox></object><object><name>Person</name><difficult>0</difficult><bndbox><xmin>528</xmin><ymin>39</ymin><xmax>558</xmax><ymax>98</ymax></bndbox></object><object><name>Person</name><difficult>0</difficult><bndbox><xmin>531</xmin><ymin>179</ymin><xmax>570</xmax><ymax>260</ymax></bndbox></object><object><name>Person</name><difficult>0</difficult><bndbox><xmin>423</xmin><ymin>21</ymin><xmax>449</xmax><ymax>71</ymax></bndbox></object><object><name>Bus</name><difficult>0</difficult><bndbox><xmin>334</xmin><ymin>24</ymin><xmax>420</xmax><ymax>166</ymax></bndbox></object><object><name>Person</name><difficult>0</difficult><bndbox><xmin>460</xmin><ymin>37</ymin><xmax>488</xmax><ymax>97</ymax></bndbox></object><object><name>Person</name><difficult>0</difficult><bndbox><xmin>492</xmin><ymin>54</ymin><xmax>524</xmax><ymax>128</ymax></bndbox></object></annotation>