<annotation><filename>frame_29.jpg</filename><size><height>482</height><width>640</width><depth>3</depth></size><object><name>Car</name><difficult>0</difficult><bndbox><xmin>115</xmin><ymin>337</ymin><xmax>227</xmax><ymax>472</ymax></bndbox></object><object><name>Bus</name><difficult>0</difficult><bndbox><xmin>312</xmin><ymin>153</ymin><xmax>476</xmax><ymax>480</ymax></bndbox></object><object><name>Person</name><difficult>0</difficult><bndbox><xmin>590</xmin><ymin>343</ymin><xmax>638</xmax><ymax>458</ymax></bndbox></object></annotation>