<annotation><filename>frame_1020.jpg</filename><size><height>482</height><width>640</width><depth>3</depth></size><object><name>Auto</name><difficult>0</difficult><bndbox><xmin>350</xmin><ymin>145</ymin><xmax>422</xmax><ymax>261</ymax></bndbox></object><object><name>Car</name><difficult>0</difficult><bndbox><xmin>382</xmin><ymin>29</ymin><xmax>460</xmax><ymax>118</ymax></bndbox></object><object><name>Person</name><difficult>0</difficult><bndbox><xmin>473</xmin><ymin>67</ymin><xmax>501</xmax><ymax>138</ymax></bndbox></object><object><name>Person</name><difficult>0</difficult><bndbox><xmin>525</xmin><ymin>118</ymin><xmax>563</xmax><ymax>200</ymax></bndbox></object><object><name>Person</name><difficult>0</difficult><bndbox><xmin>314</xmin><ymin>71</ymin><xmax>338</xmax><ymax>139</ymax></bndbox></object><object><name>Person</name><difficult>0</difficult><bndbox><xmin>306</xmin><ymin>21</ymin><xmax>343</xmax><ymax>69</ymax></bndbox></object></annotation>