<annotation><filename>frame_1002.jpg</filename><size><height>482</height><width>640</width><depth>3</depth></size><object><name>Person</name><difficult>0</difficult><bndbox><xmin>436</xmin><ymin>95</ymin><xmax>473</xmax><ymax>173</ymax></bndbox></object><object><name>Person</name><difficult>0</difficult><bndbox><xmin>524</xmin><ymin>341</ymin><xmax>584</xmax><ymax>460</ymax></bndbox></object><object><name>Person</name><difficult>0</difficult><bndbox><xmin>337</xmin><ymin>410</ymin><xmax>392</xmax><ymax>479</ymax></bndbox></object><object><name>Person</name><difficult>0</difficult><bndbox><xmin>505</xmin><ymin>58</ymin><xmax>530</xmax><ymax>124</ymax></bndbox></object></annotation>