<annotation><filename>frame_1003.jpg</filename><size><height>482</height><width>640</width><depth>3</depth></size><object><name>Person</name><difficult>0</difficult><bndbox><xmin>511</xmin><ymin>235</ymin><xmax>554</xmax><ymax>326</ymax></bndbox></object><object><name>Person</name><difficult>0</difficult><bndbox><xmin>489</xmin><ymin>61</ymin><xmax>519</xmax><ymax>130</ymax></bndbox></object><object><name>Car</name><difficult>0</difficult><bndbox><xmin>246</xmin><ymin>112</ymin><xmax>345</xmax><ymax>227</ymax></bndbox></object></annotation>