<annotation><filename>frame_144.jpg</filename><size><height>482</height><width>640</width><depth>3</depth></size><object><name>Person</name><difficult>0</difficult><bndbox><xmin>574</xmin><ymin>320</ymin><xmax>622</xmax><ymax>429</ymax></bndbox></object><object><name>Person</name><difficult>0</difficult><bndbox><xmin>454</xmin><ymin>338</ymin><xmax>510</xmax><ymax>461</ymax></bndbox></object><object><name>Person</name><difficult>0</difficult><bndbox><xmin>302</xmin><ymin>24</ymin><xmax>334</xmax><ymax>65</ymax></bndbox></object></annotation>