<annotation><filename>frame_245.jpg</filename><size><height>482</height><width>640</width><depth>3</depth></size><object><name>Auto</name><difficult>0</difficult><bndbox><xmin>225</xmin><ymin>178</ymin><xmax>334</xmax><ymax>357</ymax></bndbox></object><object><name>Car</name><difficult>0</difficult><bndbox><xmin>337</xmin><ymin>112</ymin><xmax>424</xmax><ymax>218</ymax></bndbox></object><object><name>Auto</name><difficult>0</difficult><bndbox><xmin>418</xmin><ymin>24</ymin><xmax>474</xmax><ymax>74</ymax></bndbox></object><object><name>Car</name><difficult>0</difficult><bndbox><xmin>292</xmin><ymin>23</ymin><xmax>361</xmax><ymax>71</ymax></bndbox></object><object><name>Person</name><difficult>0</difficult><bndbox><xmin>412</xmin><ymin>264</ymin><xmax>471</xmax><ymax>366</ymax></bndbox></object><object><name>Person</name><difficult>0</difficult><bndbox><xmin>519</xmin><ymin>190</ymin><xmax>564</xmax><ymax>282</ymax></bndbox></object></annotation>