<annotation><filename>frame_322.jpg</filename><size><height>482</height><width>640</width><depth>3</depth></size><object><name>Person</name><difficult>0</difficult><bndbox><xmin>223</xmin><ymin>180</ymin><xmax>269</xmax><ymax>276</ymax></bndbox></object><object><name>Person</name><difficult>0</difficult><bndbox><xmin>380</xmin><ymin>114</ymin><xmax>430</xmax><ymax>197</ymax></bndbox></object><object><name>Car</name><difficult>0</difficult><bndbox><xmin>368</xmin><ymin>19</ymin><xmax>438</xmax><ymax>79</ymax></bndbox></object><object><name>Person</name><difficult>0</difficult><bndbox><xmin>552</xmin><ymin>413</ymin><xmax>603</xmax><ymax>482</ymax></bndbox></object></annotation>