<annotation><filename>frame_1121.jpg</filename><size><height>482</height><width>640</width><depth>3</depth></size><object><name>Auto</name><difficult>0</difficult><bndbox><xmin>330</xmin><ymin>377</ymin><xmax>449</xmax><ymax>479</ymax></bndbox></object><object><name>Car</name><difficult>0</difficult><bndbox><xmin>394</xmin><ymin>25</ymin><xmax>450</xmax><ymax>66</ymax></bndbox></object><object><name>Person</name><difficult>0</difficult><bndbox><xmin>413</xmin><ymin>47</ymin><xmax>438</xmax><ymax>100</ymax></bndbox></object><object><name>Person</name><difficult>0</difficult><bndbox><xmin>418</xmin><ymin>202</ymin><xmax>460</xmax><ymax>282</ymax></bndbox></object><object><name>Person</name><difficult>0</difficult><bndbox><xmin>359</xmin><ymin>51</ymin><xmax>384</xmax><ymax>112</ymax></bndbox></object><object><name>Person</name><difficult>0</difficult><bndbox><xmin>475</xmin><ymin>135</ymin><xmax>515</xmax><ymax>211</ymax></bndbox></object><object><name>Car</name><difficult>0</difficult><bndbox><xmin>293</xmin><ymin>24</ymin><xmax>350</xmax><ymax>83</ymax></bndbox></object><object><name>Car</name><difficult>0</difficult><bndbox><xmin>237</xmin><ymin>142</ymin><xmax>307</xmax><ymax>239</ymax></bndbox></object></annotation>