<annotation><filename>frame_112.jpg</filename><size><height>482</height><width>640</width><depth>3</depth></size><object><name>Car</name><difficult>0</difficult><bndbox><xmin>285</xmin><ymin>314</ymin><xmax>393</xmax><ymax>454</ymax></bndbox></object><object><name>Car</name><difficult>0</difficult><bndbox><xmin>299</xmin><ymin>19</ymin><xmax>365</xmax><ymax>82</ymax></bndbox></object><object><name>Person</name><difficult>0</difficult><bndbox><xmin>337</xmin><ymin>169</ymin><xmax>378</xmax><ymax>253</ymax></bndbox></object><object><name>Person</name><difficult>0</difficult><bndbox><xmin>593</xmin><ymin>295</ymin><xmax>632</xmax><ymax>385</ymax></bndbox></object><object><name>Bus</name><difficult>0</difficult><bndbox><xmin>416</xmin><ymin>22</ymin><xmax>517</xmax><ymax>102</ymax></bndbox></object></annotation>