<annotation><filename>frame_287.jpg</filename><size><height>482</height><width>640</width><depth>3</depth></size><object><name>Car</name><difficult>0</difficult><bndbox><xmin>156</xmin><ymin>193</ymin><xmax>265</xmax><ymax>313</ymax></bndbox></object><object><name>Car</name><difficult>0</difficult><bndbox><xmin>339</xmin><ymin>149</ymin><xmax>429</xmax><ymax>257</ymax></bndbox></object><object><name>Person</name><difficult>0</difficult><bndbox><xmin>458</xmin><ymin>219</ymin><xmax>510</xmax><ymax>309</ymax></bndbox></object></annotation>