<annotation><filename>frame_1142.jpg</filename><size><height>482</height><width>640</width><depth>3</depth></size><object><name>Person</name><difficult>0</difficult><bndbox><xmin>333</xmin><ymin>198</ymin><xmax>369</xmax><ymax>289</ymax></bndbox></object><object><name>Person</name><difficult>0</difficult><bndbox><xmin>432</xmin><ymin>162</ymin><xmax>457</xmax><ymax>246</ymax></bndbox></object><object><name>Person</name><difficult>0</difficult><bndbox><xmin>518</xmin><ymin>71</ymin><xmax>558</xmax><ymax>142</ymax></bndbox></object></annotation>