<annotation><filename>frame_1023.jpg</filename><size><height>482</height><width>640</width><depth>3</depth></size><object><name>Car</name><difficult>0</difficult><bndbox><xmin>399</xmin><ymin>26</ymin><xmax>460</xmax><ymax>107</ymax></bndbox></object><object><name>Car</name><difficult>0</difficult><bndbox><xmin>410</xmin><ymin>218</ymin><xmax>495</xmax><ymax>345</ymax></bndbox></object><object><name>Car</name><difficult>0</difficult><bndbox><xmin>289</xmin><ymin>177</ymin><xmax>382</xmax><ymax>276</ymax></bndbox></object><object><name>Car</name><difficult>0</difficult><bndbox><xmin>297</xmin><ymin>20</ymin><xmax>358</xmax><ymax>69</ymax></bndbox></object><object><name>Car</name><difficult>0</difficult><bndbox><xmin>253</xmin><ymin>76</ymin><xmax>360</xmax><ymax>189</ymax></bndbox></object><object><name>Person</name><difficult>0</difficult><bndbox><xmin>517</xmin><ymin>77</ymin><xmax>548</xmax><ymax>154</ymax></bndbox></object></annotation>