<annotation><filename>frame_1097.jpg</filename><size><height>482</height><width>640</width><depth>3</depth></size><object><name>Person</name><difficult>0</difficult><bndbox><xmin>398</xmin><ymin>209</ymin><xmax>433</xmax><ymax>297</ymax></bndbox></object><object><name>Person</name><difficult>0</difficult><bndbox><xmin>451</xmin><ymin>320</ymin><xmax>505</xmax><ymax>433</ymax></bndbox></object><object><name>Person</name><difficult>0</difficult><bndbox><xmin>445</xmin><ymin>53</ymin><xmax>469</xmax><ymax>112</ymax></bndbox></object><object><name>Person</name><difficult>0</difficult><bndbox><xmin>463</xmin><ymin>132</ymin><xmax>507</xmax><ymax>206</ymax></bndbox></object></annotation>