<annotation><filename>frame_305.jpg</filename><size><height>482</height><width>640</width><depth>3</depth></size><object><name>Auto</name><difficult>0</difficult><bndbox><xmin>263</xmin><ymin>169</ymin><xmax>366</xmax><ymax>285</ymax></bndbox></object><object><name>Person</name><difficult>0</difficult><bndbox><xmin>434</xmin><ymin>262</ymin><xmax>486</xmax><ymax>355</ymax></bndbox></object><object><name>Person</name><difficult>0</difficult><bndbox><xmin>449</xmin><ymin>177</ymin><xmax>498</xmax><ymax>260</ymax></bndbox></object><object><name>Person</name><difficult>0</difficult><bndbox><xmin>486</xmin><ymin>32</ymin><xmax>517</xmax><ymax>93</ymax></bndbox></object><object><name>Car</name><difficult>0</difficult><bndbox><xmin>284</xmin><ymin>37</ymin><xmax>370</xmax><ymax>129</ymax></bndbox></object></annotation>