<annotation><filename>frame_219.jpg</filename><size><height>482</height><width>640</width><depth>3</depth></size><object><name>Car</name><difficult>0</difficult><bndbox><xmin>261</xmin><ymin>290</ymin><xmax>377</xmax><ymax>433</ymax></bndbox></object><object><name>Car</name><difficult>0</difficult><bndbox><xmin>186</xmin><ymin>144</ymin><xmax>282</xmax><ymax>257</ymax></bndbox></object><object><name>Car</name><difficult>0</difficult><bndbox><xmin>350</xmin><ymin>39</ymin><xmax>431</xmax><ymax>120</ymax></bndbox></object><object><name>Auto</name><difficult>0</difficult><bndbox><xmin>455</xmin><ymin>51</ymin><xmax>525</xmax><ymax>141</ymax></bndbox></object><object><name>Person</name><difficult>0</difficult><bndbox><xmin>424</xmin><ymin>198</ymin><xmax>473</xmax><ymax>297</ymax></bndbox></object><object><name>Person</name><difficult>0</difficult><bndbox><xmin>308</xmin><ymin>70</ymin><xmax>343</xmax><ymax>135</ymax></bndbox></object><object><name>Person</name><difficult>0</difficult><bndbox><xmin>285</xmin><ymin>45</ymin><xmax>317</xmax><ymax>111</ymax></bndbox></object></annotation>