<annotation><filename>frame_1008.jpg</filename><size><height>482</height><width>640</width><depth>3</depth></size><object><name>Person</name><difficult>0</difficult><bndbox><xmin>555</xmin><ymin>251</ymin><xmax>593</xmax><ymax>345</ymax></bndbox></object><object><name>Person</name><difficult>0</difficult><bndbox><xmin>313</xmin><ymin>251</ymin><xmax>352</xmax><ymax>353</ymax></bndbox></object><object><name>Car</name><difficult>0</difficult><bndbox><xmin>361</xmin><ymin>137</ymin><xmax>451</xmax><ymax>252</ymax></bndbox></object><object><name>Car</name><difficult>0</difficult><bndbox><xmin>375</xmin><ymin>36</ymin><xmax>461</xmax><ymax>110</ymax></bndbox></object><object><name>Car</name><difficult>0</difficult><bndbox><xmin>196</xmin><ymin>179</ymin><xmax>295</xmax><ymax>290</ymax></bndbox></object><object><name>Car</name><difficult>0</difficult><bndbox><xmin>222</xmin><ymin>387</ymin><xmax>355</xmax><ymax>481</ymax></bndbox></object></annotation>