<annotation><filename>frame_136.jpg</filename><size><height>482</height><width>640</width><depth>3</depth></size><object><name>Auto</name><difficult>0</difficult><bndbox><xmin>386</xmin><ymin>111</ymin><xmax>448</xmax><ymax>203</ymax></bndbox></object><object><name>Person</name><difficult>0</difficult><bndbox><xmin>478</xmin><ymin>60</ymin><xmax>511</xmax><ymax>124</ymax></bndbox></object><object><name>Person</name><difficult>0</difficult><bndbox><xmin>511</xmin><ymin>185</ymin><xmax>543</xmax><ymax>271</ymax></bndbox></object><object><name>Car</name><difficult>0</difficult><bndbox><xmin>320</xmin><ymin>23</ymin><xmax>391</xmax><ymax>103</ymax></bndbox></object><object><name>Person</name><difficult>0</difficult><bndbox><xmin>519</xmin><ymin>21</ymin><xmax>549</xmax><ymax>65</ymax></bndbox></object></annotation>