<annotation><filename>frame_335.jpg</filename><size><height>482</height><width>640</width><depth>3</depth></size><object><name>Person</name><difficult>0</difficult><bndbox><xmin>303</xmin><ymin>241</ymin><xmax>399</xmax><ymax>357</ymax></bndbox></object><object><name>Person</name><difficult>0</difficult><bndbox><xmin>456</xmin><ymin>171</ymin><xmax>509</xmax><ymax>264</ymax></bndbox></object><object><name>Person</name><difficult>0</difficult><bndbox><xmin>544</xmin><ymin>284</ymin><xmax>599</xmax><ymax>396</ymax></bndbox></object><object><name>Person</name><difficult>0</difficult><bndbox><xmin>275</xmin><ymin>17</ymin><xmax>311</xmax><ymax>56</ymax></bndbox></object><object><name>Person</name><difficult>0</difficult><bndbox><xmin>522</xmin><ymin>46</ymin><xmax>562</xmax><ymax>94</ymax></bndbox></object><object><name>Auto</name><difficult>0</difficult><bndbox><xmin>483</xmin><ymin>64</ymin><xmax>548</xmax><ymax>153</ymax></bndbox></object><object><name>Car</name><difficult>0</difficult><bndbox><xmin>322</xmin><ymin>40</ymin><xmax>379</xmax><ymax>107</ymax></bndbox></object><object><name>Car</name><difficult>0</difficult><bndbox><xmin>364</xmin><ymin>23</ymin><xmax>440</xmax><ymax>63</ymax></bndbox></object></annotation>