<annotation><filename>frame_281.jpg</filename><size><height>482</height><width>640</width><depth>3</depth></size><object><name>Bus</name><difficult>0</difficult><bndbox><xmin>209</xmin><ymin>20</ymin><xmax>349</xmax><ymax>214</ymax></bndbox></object><object><name>Car</name><difficult>0</difficult><bndbox><xmin>404</xmin><ymin>130</ymin><xmax>483</xmax><ymax>220</ymax></bndbox></object><object><name>Car</name><difficult>0</difficult><bndbox><xmin>312</xmin><ymin>323</ymin><xmax>430</xmax><ymax>463</ymax></bndbox></object></annotation>