<annotation><filename>frame_1062.jpg</filename><size><height>482</height><width>640</width><depth>3</depth></size><object><name>Auto</name><difficult>0</difficult><bndbox><xmin>145</xmin><ymin>260</ymin><xmax>260</xmax><ymax>466</ymax></bndbox></object><object><name>Auto</name><difficult>0</difficult><bndbox><xmin>456</xmin><ymin>80</ymin><xmax>524</xmax><ymax>192</ymax></bndbox></object><object><name>Car</name><difficult>0</difficult><bndbox><xmin>277</xmin><ymin>167</ymin><xmax>379</xmax><ymax>285</ymax></bndbox></object></annotation>