<annotation><filename>frame_220.jpg</filename><size><height>482</height><width>640</width><depth>3</depth></size><object><name>Car</name><difficult>0</difficult><bndbox><xmin>270</xmin><ymin>315</ymin><xmax>406</xmax><ymax>465</ymax></bndbox></object><object><name>Auto</name><difficult>0</difficult><bndbox><xmin>463</xmin><ymin>238</ymin><xmax>559</xmax><ymax>381</ymax></bndbox></object><object><name>Person</name><difficult>0</difficult><bndbox><xmin>376</xmin><ymin>142</ymin><xmax>420</xmax><ymax>229</ymax></bndbox></object><object><name>Person</name><difficult>0</difficult><bndbox><xmin>416</xmin><ymin>21</ymin><xmax>445</xmax><ymax>79</ymax></bndbox></object><object><name>Person</name><difficult>0</difficult><bndbox><xmin>484</xmin><ymin>21</ymin><xmax>512</xmax><ymax>63</ymax></bndbox></object><object><name>Person</name><difficult>0</difficult><bndbox><xmin>453</xmin><ymin>44</ymin><xmax>480</xmax><ymax>106</ymax></bndbox></object><object><name>Car</name><difficult>0</difficult><bndbox><xmin>323</xmin><ymin>22</ymin><xmax>395</xmax><ymax>115</ymax></bndbox></object></annotation>