<annotation><filename>frame_1109.jpg</filename><size><height>482</height><width>640</width><depth>3</depth></size><object><name>Bus</name><difficult>0</difficult><bndbox><xmin>293</xmin><ymin>251</ymin><xmax>455</xmax><ymax>482</ymax></bndbox></object><object><name>Person</name><difficult>0</difficult><bndbox><xmin>364</xmin><ymin>37</ymin><xmax>397</xmax><ymax>94</ymax></bndbox></object><object><name>Person</name><difficult>0</difficult><bndbox><xmin>510</xmin><ymin>122</ymin><xmax>550</xmax><ymax>202</ymax></bndbox></object><object><name>Person</name><difficult>0</difficult><bndbox><xmin>239</xmin><ymin>105</ymin><xmax>278</xmax><ymax>178</ymax></bndbox></object><object><name>Bus</name><difficult>0</difficult><bndbox><xmin>410</xmin><ymin>20</ymin><xmax>501</xmax><ymax>92</ymax></bndbox></object><object><name>Car</name><difficult>0</difficult><bndbox><xmin>286</xmin><ymin>68</ymin><xmax>355</xmax><ymax>159</ymax></bndbox></object><object><name>Car</name><difficult>0</difficult><bndbox><xmin>210</xmin><ymin>188</ymin><xmax>298</xmax><ymax>287</ymax></bndbox></object><object><name>Auto</name><difficult>0</difficult><bndbox><xmin>66</xmin><ymin>362</ymin><xmax>205</xmax><ymax>481</ymax></bndbox></object><object><name>Auto</name><difficult>0</difficult><bndbox><xmin>143</xmin><ymin>237</ymin><xmax>239</xmax><ymax>420</ymax></bndbox></object></annotation>