<annotation><filename>frame_261.jpg</filename><size><height>482</height><width>640</width><depth>3</depth></size><object><name>Car</name><difficult>0</difficult><bndbox><xmin>123</xmin><ymin>315</ymin><xmax>233</xmax><ymax>468</ymax></bndbox></object><object><name>Car</name><difficult>0</difficult><bndbox><xmin>356</xmin><ymin>298</ymin><xmax>466</xmax><ymax>445</ymax></bndbox></object><object><name>Car</name><difficult>0</difficult><bndbox><xmin>415</xmin><ymin>90</ymin><xmax>500</xmax><ymax>175</ymax></bndbox></object><object><name>Car</name><difficult>0</difficult><bndbox><xmin>284</xmin><ymin>47</ymin><xmax>357</xmax><ymax>130</ymax></bndbox></object><object><name>Car</name><difficult>0</difficult><bndbox><xmin>369</xmin><ymin>21</ymin><xmax>435</xmax><ymax>79</ymax></bndbox></object><object><name>Person</name><difficult>0</difficult><bndbox><xmin>331</xmin><ymin>161</ymin><xmax>370</xmax><ymax>256</ymax></bndbox></object><object><name>Person</name><difficult>0</difficult><bndbox><xmin>515</xmin><ymin>285</ymin><xmax>568</xmax><ymax>378</ymax></bndbox></object><object><name>Person</name><difficult>0</difficult><bndbox><xmin>519</xmin><ymin>25</ymin><xmax>553</xmax><ymax>81</ymax></bndbox></object></annotation>