<annotation><filename>frame_1194.jpg</filename><size><height>482</height><width>640</width><depth>3</depth></size><object><name>Car</name><difficult>0</difficult><bndbox><xmin>272</xmin><ymin>71</ymin><xmax>349</xmax><ymax>162</ymax></bndbox></object><object><name>Car</name><difficult>0</difficult><bndbox><xmin>423</xmin><ymin>58</ymin><xmax>487</xmax><ymax>133</ymax></bndbox></object><object><name>Car</name><difficult>0</difficult><bndbox><xmin>365</xmin><ymin>150</ymin><xmax>456</xmax><ymax>267</ymax></bndbox></object><object><name>Car</name><difficult>0</difficult><bndbox><xmin>285</xmin><ymin>20</ymin><xmax>349</xmax><ymax>54</ymax></bndbox></object><object><name>Car</name><difficult>0</difficult><bndbox><xmin>383</xmin><ymin>19</ymin><xmax>468</xmax><ymax>50</ymax></bndbox></object></annotation>