<annotation><filename>frame_1195.jpg</filename><size><height>482</height><width>640</width><depth>3</depth></size><object><name>Car</name><difficult>0</difficult><bndbox><xmin>310</xmin><ymin>120</ymin><xmax>397</xmax><ymax>230</ymax></bndbox></object><object><name>Car</name><difficult>0</difficult><bndbox><xmin>390</xmin><ymin>249</ymin><xmax>487</xmax><ymax>371</ymax></bndbox></object><object><name>Car</name><difficult>0</difficult><bndbox><xmin>186</xmin><ymin>165</ymin><xmax>271</xmax><ymax>277</ymax></bndbox></object><object><name>Car</name><difficult>0</difficult><bndbox><xmin>453</xmin><ymin>16</ymin><xmax>528</xmax><ymax>77</ymax></bndbox></object><object><name>Car</name><difficult>0</difficult><bndbox><xmin>370</xmin><ymin>18</ymin><xmax>436</xmax><ymax>54</ymax></bndbox></object></annotation>