<annotation><filename>frame_1006.jpg</filename><size><height>482</height><width>640</width><depth>3</depth></size><object><name>Car</name><difficult>0</difficult><bndbox><xmin>166</xmin><ymin>225</ymin><xmax>285</xmax><ymax>370</ymax></bndbox></object><object><name>Person</name><difficult>0</difficult><bndbox><xmin>485</xmin><ymin>204</ymin><xmax>520</xmax><ymax>291</ymax></bndbox></object><object><name>Auto</name><difficult>0</difficult><bndbox><xmin>395</xmin><ymin>374</ymin><xmax>495</xmax><ymax>480</ymax></bndbox></object><object><name>Person</name><difficult>0</difficult><bndbox><xmin>344</xmin><ymin>75</ymin><xmax>372</xmax><ymax>138</ymax></bndbox></object><object><name>Person</name><difficult>0</difficult><bndbox><xmin>368</xmin><ymin>55</ymin><xmax>389</xmax><ymax>106</ymax></bndbox></object><object><name>Car</name><difficult>0</difficult><bndbox><xmin>390</xmin><ymin>58</ymin><xmax>480</xmax><ymax>166</ymax></bndbox></object><object><name>Car</name><difficult>0</difficult><bndbox><xmin>258</xmin><ymin>100</ymin><xmax>345</xmax><ymax>208</ymax></bndbox></object><object><name>Car</name><difficult>0</difficult><bndbox><xmin>286</xmin><ymin>21</ymin><xmax>342</xmax><ymax>87</ymax></bndbox></object></annotation>