<annotation><filename>frame_176.jpg</filename><size><height>482</height><width>640</width><depth>3</depth></size><object><name>Car</name><difficult>0</difficult><bndbox><xmin>149</xmin><ymin>240</ymin><xmax>246</xmax><ymax>385</ymax></bndbox></object><object><name>Car</name><difficult>0</difficult><bndbox><xmin>334</xmin><ymin>201</ymin><xmax>423</xmax><ymax>319</ymax></bndbox></object><object><name>Car</name><difficult>0</difficult><bndbox><xmin>407</xmin><ymin>25</ymin><xmax>491</xmax><ymax>120</ymax></bndbox></object><object><name>Person</name><difficult>0</difficult><bndbox><xmin>312</xmin><ymin>37</ymin><xmax>347</xmax><ymax>104</ymax></bndbox></object></annotation>