<annotation><filename>frame_230.jpg</filename><size><height>482</height><width>640</width><depth>3</depth></size><object><name>Auto</name><difficult>0</difficult><bndbox><xmin>140</xmin><ymin>193</ymin><xmax>261</xmax><ymax>372</ymax></bndbox></object><object><name>Bus</name><difficult>0</difficult><bndbox><xmin>385</xmin><ymin>259</ymin><xmax>612</xmax><ymax>482</ymax></bndbox></object><object><name>Person</name><difficult>0</difficult><bndbox><xmin>479</xmin><ymin>120</ymin><xmax>514</xmax><ymax>197</ymax></bndbox></object><object><name>Car</name><difficult>0</difficult><bndbox><xmin>277</xmin><ymin>31</ymin><xmax>353</xmax><ymax>107</ymax></bndbox></object><object><name>Car</name><difficult>0</difficult><bndbox><xmin>375</xmin><ymin>23</ymin><xmax>438</xmax><ymax>59</ymax></bndbox></object></annotation>