<annotation><filename>frame_311.jpg</filename><size><height>482</height><width>640</width><depth>3</depth></size><object><name>Car</name><difficult>0</difficult><bndbox><xmin>267</xmin><ymin>100</ymin><xmax>357</xmax><ymax>215</ymax></bndbox></object><object><name>Car</name><difficult>0</difficult><bndbox><xmin>279</xmin><ymin>271</ymin><xmax>392</xmax><ymax>434</ymax></bndbox></object><object><name>Person</name><difficult>0</difficult><bndbox><xmin>529</xmin><ymin>277</ymin><xmax>583</xmax><ymax>385</ymax></bndbox></object></annotation>