<annotation><filename>frame_1193.jpg</filename><size><height>482</height><width>640</width><depth>3</depth></size><object><name>Car</name><difficult>0</difficult><bndbox><xmin>251</xmin><ymin>60</ymin><xmax>340</xmax><ymax>169</ymax></bndbox></object><object><name>Car</name><difficult>0</difficult><bndbox><xmin>106</xmin><ymin>261</ymin><xmax>248</xmax><ymax>459</ymax></bndbox></object><object><name>Car</name><difficult>0</difficult><bndbox><xmin>366</xmin><ymin>393</ymin><xmax>494</xmax><ymax>481</ymax></bndbox></object><object><name>Auto</name><difficult>0</difficult><bndbox><xmin>363</xmin><ymin>107</ymin><xmax>450</xmax><ymax>267</ymax></bndbox></object><object><name>Person</name><difficult>0</difficult><bndbox><xmin>470</xmin><ymin>80</ymin><xmax>515</xmax><ymax>160</ymax></bndbox></object><object><name>Car</name><difficult>0</difficult><bndbox><xmin>387</xmin><ymin>16</ymin><xmax>457</xmax><ymax>93</ymax></bndbox></object></annotation>