<annotation><filename>frame_1054.jpg</filename><size><height>482</height><width>640</width><depth>3</depth></size><object><name>Person</name><difficult>0</difficult><bndbox><xmin>471</xmin><ymin>76</ymin><xmax>513</xmax><ymax>172</ymax></bndbox></object><object><name>Person</name><difficult>0</difficult><bndbox><xmin>492</xmin><ymin>188</ymin><xmax>527</xmax><ymax>289</ymax></bndbox></object><object><name>Person</name><difficult>0</difficult><bndbox><xmin>425</xmin><ymin>167</ymin><xmax>465</xmax><ymax>258</ymax></bndbox></object><object><name>Car</name><difficult>0</difficult><bndbox><xmin>291</xmin><ymin>78</ymin><xmax>373</xmax><ymax>163</ymax></bndbox></object><object><name>Car</name><difficult>0</difficult><bndbox><xmin>221</xmin><ymin>213</ymin><xmax>321</xmax><ymax>328</ymax></bndbox></object><object><name>Car</name><difficult>0</difficult><bndbox><xmin>475</xmin><ymin>423</ymin><xmax>591</xmax><ymax>482</ymax></bndbox></object><object><name>Person</name><difficult>0</difficult><bndbox><xmin>130</xmin><ymin>193</ymin><xmax>200</xmax><ymax>299</ymax></bndbox></object><object><name>Car</name><difficult>0</difficult><bndbox><xmin>283</xmin><ymin>21</ymin><xmax>350</xmax><ymax>71</ymax></bndbox></object><object><name>Bus</name><difficult>0</difficult><bndbox><xmin>392</xmin><ymin>21</ymin><xmax>490</xmax><ymax>65</ymax></bndbox></object></annotation>