<annotation><filename>frame_243.jpg</filename><size><height>482</height><width>640</width><depth>3</depth></size><object><name>Car</name><difficult>0</difficult><bndbox><xmin>175</xmin><ymin>166</ymin><xmax>276</xmax><ymax>309</ymax></bndbox></object><object><name>Auto</name><difficult>0</difficult><bndbox><xmin>283</xmin><ymin>18</ymin><xmax>361</xmax><ymax>111</ymax></bndbox></object><object><name>Car</name><difficult>0</difficult><bndbox><xmin>401</xmin><ymin>22</ymin><xmax>468</xmax><ymax>84</ymax></bndbox></object><object><name>Person</name><difficult>0</difficult><bndbox><xmin>315</xmin><ymin>228</ymin><xmax>364</xmax><ymax>327</ymax></bndbox></object><object><name>Person</name><difficult>0</difficult><bndbox><xmin>420</xmin><ymin>104</ymin><xmax>459</xmax><ymax>185</ymax></bndbox></object><object><name>Person</name><difficult>0</difficult><bndbox><xmin>472</xmin><ymin>140</ymin><xmax>511</xmax><ymax>225</ymax></bndbox></object><object><name>Person</name><difficult>0</difficult><bndbox><xmin>527</xmin><ymin>162</ymin><xmax>564</xmax><ymax>257</ymax></bndbox></object></annotation>