<annotation><filename>frame_1185.jpg</filename><size><height>482</height><width>640</width><depth>3</depth></size><object><name>Person</name><difficult>0</difficult><bndbox><xmin>504</xmin><ymin>216</ymin><xmax>555</xmax><ymax>294</ymax></bndbox></object><object><name>Person</name><difficult>0</difficult><bndbox><xmin>475</xmin><ymin>293</ymin><xmax>515</xmax><ymax>394</ymax></bndbox></object><object><name>Person</name><difficult>0</difficult><bndbox><xmin>365</xmin><ymin>171</ymin><xmax>410</xmax><ymax>251</ymax></bndbox></object><object><name>Person</name><difficult>0</difficult><bndbox><xmin>338</xmin><ymin>258</ymin><xmax>394</xmax><ymax>369</ymax></bndbox></object><object><name>Person</name><difficult>0</difficult><bndbox><xmin>492</xmin><ymin>41</ymin><xmax>529</xmax><ymax>103</ymax></bndbox></object></annotation>