<annotation><filename>frame_18.jpg</filename><size><height>482</height><width>640</width><depth>3</depth></size><object><name>Auto</name><difficult>0</difficult><bndbox><xmin>447</xmin><ymin>93</ymin><xmax>500</xmax><ymax>176</ymax></bndbox></object><object><name>Person</name><difficult>0</difficult><bndbox><xmin>310</xmin><ymin>48</ymin><xmax>345</xmax><ymax>108</ymax></bndbox></object><object><name>Car</name><difficult>0</difficult><bndbox><xmin>234</xmin><ymin>126</ymin><xmax>316</xmax><ymax>228</ymax></bndbox></object><object><name>Person</name><difficult>0</difficult><bndbox><xmin>469</xmin><ymin>400</ymin><xmax>536</xmax><ymax>480</ymax></bndbox></object></annotation>