<annotation><filename>frame_338.jpg</filename><size><height>482</height><width>640</width><depth>3</depth></size><object><name>Person</name><difficult>0</difficult><bndbox><xmin>316</xmin><ymin>227</ymin><xmax>371</xmax><ymax>361</ymax></bndbox></object><object><name>Person</name><difficult>0</difficult><bndbox><xmin>403</xmin><ymin>181</ymin><xmax>462</xmax><ymax>269</ymax></bndbox></object><object><name>Person</name><difficult>0</difficult><bndbox><xmin>504</xmin><ymin>193</ymin><xmax>567</xmax><ymax>292</ymax></bndbox></object><object><name>Person</name><difficult>0</difficult><bndbox><xmin>297</xmin><ymin>73</ymin><xmax>341</xmax><ymax>150</ymax></bndbox></object><object><name>Car</name><difficult>0</difficult><bndbox><xmin>349</xmin><ymin>27</ymin><xmax>439</xmax><ymax>98</ymax></bndbox></object></annotation>