<annotation><filename>frame_175.jpg</filename><size><height>482</height><width>640</width><depth>3</depth></size><object><name>Car</name><difficult>0</difficult><bndbox><xmin>285</xmin><ymin>147</ymin><xmax>384</xmax><ymax>251</ymax></bndbox></object><object><name>Car</name><difficult>0</difficult><bndbox><xmin>276</xmin><ymin>21</ymin><xmax>335</xmax><ymax>85</ymax></bndbox></object><object><name>Person</name><difficult>0</difficult><bndbox><xmin>457</xmin><ymin>75</ymin><xmax>479</xmax><ymax>142</ymax></bndbox></object><object><name>Person</name><difficult>0</difficult><bndbox><xmin>481</xmin><ymin>106</ymin><xmax>510</xmax><ymax>173</ymax></bndbox></object><object><name>Person</name><difficult>0</difficult><bndbox><xmin>433</xmin><ymin>302</ymin><xmax>482</xmax><ymax>406</ymax></bndbox></object><object><name>Person</name><difficult>0</difficult><bndbox><xmin>577</xmin><ymin>393</ymin><xmax>625</xmax><ymax>480</ymax></bndbox></object><object><name>Auto</name><difficult>0</difficult><bndbox><xmin>250</xmin><ymin>365</ymin><xmax>347</xmax><ymax>480</ymax></bndbox></object></annotation>