<annotation><filename>frame_21.jpg</filename><size><height>482</height><width>640</width><depth>3</depth></size><object><name>Auto</name><difficult>0</difficult><bndbox><xmin>121</xmin><ymin>326</ymin><xmax>252</xmax><ymax>479</ymax></bndbox></object><object><name>Person</name><difficult>0</difficult><bndbox><xmin>532</xmin><ymin>91</ymin><xmax>571</xmax><ymax>156</ymax></bndbox></object><object><name>Person</name><difficult>0</difficult><bndbox><xmin>354</xmin><ymin>329</ymin><xmax>390</xmax><ymax>436</ymax></bndbox></object><object><name>Person</name><difficult>0</difficult><bndbox><xmin>460</xmin><ymin>112</ymin><xmax>492</xmax><ymax>187</ymax></bndbox></object><object><name>Person</name><difficult>0</difficult><bndbox><xmin>349</xmin><ymin>156</ymin><xmax>394</xmax><ymax>228</ymax></bndbox></object><object><name>Person</name><difficult>0</difficult><bndbox><xmin>313</xmin><ymin>53</ymin><xmax>348</xmax><ymax>113</ymax></bndbox></object><object><name>Person</name><difficult>0</difficult><bndbox><xmin>495</xmin><ymin>223</ymin><xmax>546</xmax><ymax>313</ymax></bndbox></object><object><name>Bus</name><difficult>0</difficult><bndbox><xmin>392</xmin><ymin>24</ymin><xmax>498</xmax><ymax>106</ymax></bndbox></object></annotation>