<annotation><filename>frame_1158.jpg</filename><size><height>482</height><width>640</width><depth>3</depth></size><object><name>Car</name><difficult>0</difficult><bndbox><xmin>366</xmin><ymin>298</ymin><xmax>482</xmax><ymax>436</ymax></bndbox></object><object><name>Person</name><difficult>0</difficult><bndbox><xmin>449</xmin><ymin>23</ymin><xmax>480</xmax><ymax>76</ymax></bndbox></object><object><name>Car</name><difficult>0</difficult><bndbox><xmin>329</xmin><ymin>22</ymin><xmax>397</xmax><ymax>52</ymax></bndbox></object></annotation>