<annotation><filename>frame_308.jpg</filename><size><height>482</height><width>640</width><depth>3</depth></size><object><name>Bus</name><difficult>0</difficult><bndbox><xmin>185</xmin><ymin>162</ymin><xmax>300</xmax><ymax>378</ymax></bndbox></object><object><name>Person</name><difficult>0</difficult><bndbox><xmin>400</xmin><ymin>277</ymin><xmax>458</xmax><ymax>384</ymax></bndbox></object><object><name>Person</name><difficult>0</difficult><bndbox><xmin>479</xmin><ymin>59</ymin><xmax>513</xmax><ymax>112</ymax></bndbox></object><object><name>Person</name><difficult>0</difficult><bndbox><xmin>492</xmin><ymin>19</ymin><xmax>523</xmax><ymax>52</ymax></bndbox></object><object><name>Bus</name><difficult>0</difficult><bndbox><xmin>300</xmin><ymin>50</ymin><xmax>388</xmax><ymax>198</ymax></bndbox></object></annotation>