<annotation><filename>frame_169.jpg</filename><size><height>482</height><width>640</width><depth>3</depth></size><object><name>Car</name><difficult>0</difficult><bndbox><xmin>328</xmin><ymin>333</ymin><xmax>439</xmax><ymax>476</ymax></bndbox></object><object><name>Car</name><difficult>0</difficult><bndbox><xmin>399</xmin><ymin>79</ymin><xmax>488</xmax><ymax>163</ymax></bndbox></object><object><name>Car</name><difficult>0</difficult><bndbox><xmin>241</xmin><ymin>89</ymin><xmax>322</xmax><ymax>164</ymax></bndbox></object><object><name>Car</name><difficult>0</difficult><bndbox><xmin>279</xmin><ymin>184</ymin><xmax>369</xmax><ymax>281</ymax></bndbox></object><object><name>Auto</name><difficult>0</difficult><bndbox><xmin>373</xmin><ymin>25</ymin><xmax>417</xmax><ymax>73</ymax></bndbox></object><object><name>Person</name><difficult>0</difficult><bndbox><xmin>503</xmin><ymin>332</ymin><xmax>555</xmax><ymax>439</ymax></bndbox></object><object><name>Person</name><difficult>0</difficult><bndbox><xmin>529</xmin><ymin>140</ymin><xmax>564</xmax><ymax>211</ymax></bndbox></object></annotation>