<annotation><filename>frame_1146.jpg</filename><size><height>482</height><width>640</width><depth>3</depth></size><object><name>Car</name><difficult>0</difficult><bndbox><xmin>193</xmin><ymin>184</ymin><xmax>280</xmax><ymax>281</ymax></bndbox></object><object><name>Person</name><difficult>0</difficult><bndbox><xmin>483</xmin><ymin>143</ymin><xmax>517</xmax><ymax>212</ymax></bndbox></object><object><name>Person</name><difficult>0</difficult><bndbox><xmin>501</xmin><ymin>26</ymin><xmax>523</xmax><ymax>83</ymax></bndbox></object><object><name>Person</name><difficult>0</difficult><bndbox><xmin>475</xmin><ymin>82</ymin><xmax>506</xmax><ymax>138</ymax></bndbox></object><object><name>Person</name><difficult>0</difficult><bndbox><xmin>522</xmin><ymin>101</ymin><xmax>551</xmax><ymax>165</ymax></bndbox></object><object><name>Person</name><difficult>0</difficult><bndbox><xmin>379</xmin><ymin>177</ymin><xmax>414</xmax><ymax>262</ymax></bndbox></object><object><name>Person</name><difficult>0</difficult><bndbox><xmin>332</xmin><ymin>22</ymin><xmax>362</xmax><ymax>90</ymax></bndbox></object><object><name>Person</name><difficult>0</difficult><bndbox><xmin>428</xmin><ymin>25</ymin><xmax>455</xmax><ymax>80</ymax></bndbox></object></annotation>