<annotation><filename>frame_302.jpg</filename><size><height>482</height><width>640</width><depth>3</depth></size><object><name>Auto</name><difficult>0</difficult><bndbox><xmin>122</xmin><ymin>295</ymin><xmax>200</xmax><ymax>446</ymax></bndbox></object><object><name>Person</name><difficult>0</difficult><bndbox><xmin>504</xmin><ymin>170</ymin><xmax>554</xmax><ymax>263</ymax></bndbox></object><object><name>Car</name><difficult>0</difficult><bndbox><xmin>236</xmin><ymin>110</ymin><xmax>311</xmax><ymax>189</ymax></bndbox></object><object><name>Car</name><difficult>0</difficult><bndbox><xmin>213</xmin><ymin>198</ymin><xmax>314</xmax><ymax>314</ymax></bndbox></object><object><name>Car</name><difficult>0</difficult><bndbox><xmin>389</xmin><ymin>233</ymin><xmax>504</xmax><ymax>397</ymax></bndbox></object><object><name>Car</name><difficult>0</difficult><bndbox><xmin>286</xmin><ymin>23</ymin><xmax>356</xmax><ymax>90</ymax></bndbox></object></annotation>