<annotation><filename>frame_130.jpg</filename><size><height>482</height><width>640</width><depth>3</depth></size><object><name>Auto</name><difficult>0</difficult><bndbox><xmin>373</xmin><ymin>72</ymin><xmax>428</xmax><ymax>160</ymax></bndbox></object><object><name>Person</name><difficult>0</difficult><bndbox><xmin>414</xmin><ymin>255</ymin><xmax>450</xmax><ymax>351</ymax></bndbox></object><object><name>Person</name><difficult>0</difficult><bndbox><xmin>512</xmin><ymin>193</ymin><xmax>546</xmax><ymax>274</ymax></bndbox></object><object><name>Person</name><difficult>0</difficult><bndbox><xmin>393</xmin><ymin>168</ymin><xmax>423</xmax><ymax>243</ymax></bndbox></object></annotation>