<annotation><filename>frame_341.jpg</filename><size><height>482</height><width>640</width><depth>3</depth></size><object><name>Bus</name><difficult>0</difficult><bndbox><xmin>377</xmin><ymin>20</ymin><xmax>483</xmax><ymax>87</ymax></bndbox></object><object><name>Person</name><difficult>0</difficult><bndbox><xmin>379</xmin><ymin>101</ymin><xmax>414</xmax><ymax>179</ymax></bndbox></object><object><name>Person</name><difficult>0</difficult><bndbox><xmin>554</xmin><ymin>379</ymin><xmax>616</xmax><ymax>481</ymax></bndbox></object></annotation>