<annotation><filename>frame_334.jpg</filename><size><height>482</height><width>640</width><depth>3</depth></size><object><name>Person</name><difficult>0</difficult><bndbox><xmin>125</xmin><ymin>266</ymin><xmax>176</xmax><ymax>371</ymax></bndbox></object><object><name>Person</name><difficult>0</difficult><bndbox><xmin>477</xmin><ymin>258</ymin><xmax>540</xmax><ymax>356</ymax></bndbox></object><object><name>Person</name><difficult>0</difficult><bndbox><xmin>512</xmin><ymin>96</ymin><xmax>550</xmax><ymax>172</ymax></bndbox></object><object><name>Person</name><difficult>0</difficult><bndbox><xmin>368</xmin><ymin>21</ymin><xmax>397</xmax><ymax>72</ymax></bndbox></object><object><name>Person</name><difficult>0</difficult><bndbox><xmin>473</xmin><ymin>24</ymin><xmax>503</xmax><ymax>69</ymax></bndbox></object><object><name>Car</name><difficult>0</difficult><bndbox><xmin>341</xmin><ymin>351</ymin><xmax>479</xmax><ymax>482</ymax></bndbox></object></annotation>