<annotation><filename>frame_1.jpg</filename><size><height>482</height><width>640</width><depth>3</depth></size><object><name>Car</name><difficult>0</difficult><bndbox><xmin>208</xmin><ymin>150</ymin><xmax>296</xmax><ymax>254</ymax></bndbox></object><object><name>Car</name><difficult>0</difficult><bndbox><xmin>384</xmin><ymin>256</ymin><xmax>492</xmax><ymax>380</ymax></bndbox></object><object><name>Car</name><difficult>0</difficult><bndbox><xmin>103</xmin><ymin>376</ymin><xmax>237</xmax><ymax>482</ymax></bndbox></object><object><name>Person</name><difficult>0</difficult><bndbox><xmin>446</xmin><ymin>24</ymin><xmax>472</xmax><ymax>81</ymax></bndbox></object></annotation>