<annotation><filename>frame_171.jpg</filename><size><height>482</height><width>640</width><depth>3</depth></size><object><name>Car</name><difficult>0</difficult><bndbox><xmin>281</xmin><ymin>333</ymin><xmax>397</xmax><ymax>475</ymax></bndbox></object><object><name>Car</name><difficult>0</difficult><bndbox><xmin>243</xmin><ymin>198</ymin><xmax>330</xmax><ymax>309</ymax></bndbox></object><object><name>Person</name><difficult>0</difficult><bndbox><xmin>433</xmin><ymin>114</ymin><xmax>468</xmax><ymax>196</ymax></bndbox></object><object><name>Person</name><difficult>0</difficult><bndbox><xmin>491</xmin><ymin>63</ymin><xmax>530</xmax><ymax>137</ymax></bndbox></object></annotation>