<annotation><filename>frame_1077.jpg</filename><size><height>482</height><width>640</width><depth>3</depth></size><object><name>Person</name><difficult>0</difficult><bndbox><xmin>269</xmin><ymin>41</ymin><xmax>308</xmax><ymax>105</ymax></bndbox></object><object><name>Bus</name><difficult>0</difficult><bndbox><xmin>388</xmin><ymin>16</ymin><xmax>499</xmax><ymax>137</ymax></bndbox></object><object><name>Car</name><difficult>0</difficult><bndbox><xmin>246</xmin><ymin>128</ymin><xmax>327</xmax><ymax>226</ymax></bndbox></object></annotation>