<annotation><filename>frame_111.jpg</filename><size><height>482</height><width>640</width><depth>3</depth></size><object><name>Car</name><difficult>0</difficult><bndbox><xmin>227</xmin><ymin>124</ymin><xmax>313</xmax><ymax>226</ymax></bndbox></object><object><name>Person</name><difficult>0</difficult><bndbox><xmin>414</xmin><ymin>141</ymin><xmax>463</xmax><ymax>218</ymax></bndbox></object><object><name>Person</name><difficult>0</difficult><bndbox><xmin>458</xmin><ymin>286</ymin><xmax>510</xmax><ymax>379</ymax></bndbox></object><object><name>Person</name><difficult>0</difficult><bndbox><xmin>547</xmin><ymin>81</ymin><xmax>583</xmax><ymax>145</ymax></bndbox></object><object><name>Person</name><difficult>0</difficult><bndbox><xmin>382</xmin><ymin>21</ymin><xmax>409</xmax><ymax>63</ymax></bndbox></object></annotation>