<annotation><filename>frame_333.jpg</filename><size><height>482</height><width>640</width><depth>3</depth></size><object><name>Person</name><difficult>0</difficult><bndbox><xmin>272</xmin><ymin>154</ymin><xmax>328</xmax><ymax>246</ymax></bndbox></object><object><name>Person</name><difficult>0</difficult><bndbox><xmin>456</xmin><ymin>190</ymin><xmax>529</xmax><ymax>272</ymax></bndbox></object><object><name>Person</name><difficult>0</difficult><bndbox><xmin>343</xmin><ymin>205</ymin><xmax>386</xmax><ymax>298</ymax></bndbox></object><object><name>Person</name><difficult>0</difficult><bndbox><xmin>397</xmin><ymin>264</ymin><xmax>451</xmax><ymax>360</ymax></bndbox></object><object><name>Person</name><difficult>0</difficult><bndbox><xmin>483</xmin><ymin>32</ymin><xmax>514</xmax><ymax>92</ymax></bndbox></object><object><name>Car</name><difficult>0</difficult><bndbox><xmin>362</xmin><ymin>49</ymin><xmax>456</xmax><ymax>143</ymax></bndbox></object></annotation>