<annotation><filename>frame_232.jpg</filename><size><height>482</height><width>640</width><depth>3</depth></size><object><name>Auto</name><difficult>0</difficult><bndbox><xmin>489</xmin><ymin>192</ymin><xmax>580</xmax><ymax>306</ymax></bndbox></object><object><name>Person</name><difficult>0</difficult><bndbox><xmin>379</xmin><ymin>291</ymin><xmax>424</xmax><ymax>400</ymax></bndbox></object><object><name>Person</name><difficult>0</difficult><bndbox><xmin>488</xmin><ymin>349</ymin><xmax>543</xmax><ymax>471</ymax></bndbox></object><object><name>Car</name><difficult>0</difficult><bndbox><xmin>303</xmin><ymin>40</ymin><xmax>375</xmax><ymax>130</ymax></bndbox></object><object><name>Person</name><difficult>0</difficult><bndbox><xmin>420</xmin><ymin>36</ymin><xmax>448</xmax><ymax>110</ymax></bndbox></object></annotation>