<annotation><filename>frame_296.jpg</filename><size><height>482</height><width>640</width><depth>3</depth></size><object><name>Auto</name><difficult>0</difficult><bndbox><xmin>422</xmin><ymin>150</ymin><xmax>516</xmax><ymax>363</ymax></bndbox></object><object><name>Person</name><difficult>0</difficult><bndbox><xmin>554</xmin><ymin>175</ymin><xmax>590</xmax><ymax>253</ymax></bndbox></object><object><name>Person</name><difficult>0</difficult><bndbox><xmin>520</xmin><ymin>204</ymin><xmax>547</xmax><ymax>282</ymax></bndbox></object><object><name>Person</name><difficult>0</difficult><bndbox><xmin>559</xmin><ymin>319</ymin><xmax>609</xmax><ymax>410</ymax></bndbox></object><object><name>Person</name><difficult>0</difficult><bndbox><xmin>322</xmin><ymin>320</ymin><xmax>376</xmax><ymax>418</ymax></bndbox></object><object><name>Person</name><difficult>0</difficult><bndbox><xmin>132</xmin><ymin>261</ymin><xmax>199</xmax><ymax>390</ymax></bndbox></object><object><name>Person</name><difficult>0</difficult><bndbox><xmin>476</xmin><ymin>26</ymin><xmax>520</xmax><ymax>83</ymax></bndbox></object><object><name>Person</name><difficult>0</difficult><bndbox><xmin>526</xmin><ymin>16</ymin><xmax>555</xmax><ymax>76</ymax></bndbox></object><object><name>Person</name><difficult>0</difficult><bndbox><xmin>291</xmin><ymin>406</ymin><xmax>349</xmax><ymax>477</ymax></bndbox></object><object><name>Car</name><difficult>0</difficult><bndbox><xmin>256</xmin><ymin>27</ymin><xmax>341</xmax><ymax>113</ymax></bndbox></object><object><name>Car</name><difficult>0</difficult><bndbox><xmin>249</xmin><ymin>138</ymin><xmax>331</xmax><ymax>248</ymax></bndbox></object><object><name>Auto</name><difficult>0</difficult><bndbox><xmin>408</xmin><ymin>28</ymin><xmax>452</xmax><ymax>73</ymax></bndbox></object></annotation>