<annotation><filename>frame_1049.jpg</filename><size><height>482</height><width>640</width><depth>3</depth></size><object><name>Car</name><difficult>0</difficult><bndbox><xmin>233</xmin><ymin>127</ymin><xmax>314</xmax><ymax>233</ymax></bndbox></object><object><name>Car</name><difficult>0</difficult><bndbox><xmin>366</xmin><ymin>33</ymin><xmax>428</xmax><ymax>102</ymax></bndbox></object><object><name>Car</name><difficult>0</difficult><bndbox><xmin>349</xmin><ymin>135</ymin><xmax>467</xmax><ymax>266</ymax></bndbox></object><object><name>Car</name><difficult>0</difficult><bndbox><xmin>385</xmin><ymin>357</ymin><xmax>500</xmax><ymax>480</ymax></bndbox></object><object><name>Car</name><difficult>0</difficult><bndbox><xmin>236</xmin><ymin>364</ymin><xmax>369</xmax><ymax>480</ymax></bndbox></object></annotation>