<annotation><filename>frame_265.jpg</filename><size><height>482</height><width>640</width><depth>3</depth></size><object><name>Car</name><difficult>0</difficult><bndbox><xmin>264</xmin><ymin>173</ymin><xmax>367</xmax><ymax>282</ymax></bndbox></object><object><name>Person</name><difficult>0</difficult><bndbox><xmin>496</xmin><ymin>58</ymin><xmax>530</xmax><ymax>118</ymax></bndbox></object><object><name>Person</name><difficult>0</difficult><bndbox><xmin>467</xmin><ymin>179</ymin><xmax>522</xmax><ymax>262</ymax></bndbox></object></annotation>