<annotation><filename>frame_1011.jpg</filename><size><height>482</height><width>640</width><depth>3</depth></size><object><name>Car</name><difficult>0</difficult><bndbox><xmin>232</xmin><ymin>117</ymin><xmax>307</xmax><ymax>215</ymax></bndbox></object><object><name>Car</name><difficult>0</difficult><bndbox><xmin>252</xmin><ymin>379</ymin><xmax>375</xmax><ymax>480</ymax></bndbox></object><object><name>Car</name><difficult>0</difficult><bndbox><xmin>324</xmin><ymin>18</ymin><xmax>392</xmax><ymax>93</ymax></bndbox></object><object><name>Person</name><difficult>0</difficult><bndbox><xmin>436</xmin><ymin>21</ymin><xmax>466</xmax><ymax>81</ymax></bndbox></object><object><name>Person</name><difficult>0</difficult><bndbox><xmin>499</xmin><ymin>147</ymin><xmax>537</xmax><ymax>260</ymax></bndbox></object></annotation>