<annotation><filename>frame_165.jpg</filename><size><height>482</height><width>640</width><depth>3</depth></size><object><name>Auto</name><difficult>0</difficult><bndbox><xmin>444</xmin><ymin>61</ymin><xmax>505</xmax><ymax>150</ymax></bndbox></object><object><name>Auto</name><difficult>0</difficult><bndbox><xmin>306</xmin><ymin>354</ymin><xmax>405</xmax><ymax>478</ymax></bndbox></object><object><name>Person</name><difficult>0</difficult><bndbox><xmin>385</xmin><ymin>25</ymin><xmax>410</xmax><ymax>71</ymax></bndbox></object></annotation>