<annotation><filename>frame_258.jpg</filename><size><height>482</height><width>640</width><depth>3</depth></size><object><name>Car</name><difficult>0</difficult><bndbox><xmin>296</xmin><ymin>227</ymin><xmax>415</xmax><ymax>380</ymax></bndbox></object><object><name>Person</name><difficult>0</difficult><bndbox><xmin>175</xmin><ymin>265</ymin><xmax>227</xmax><ymax>369</ymax></bndbox></object><object><name>Car</name><difficult>0</difficult><bndbox><xmin>353</xmin><ymin>39</ymin><xmax>427</xmax><ymax>112</ymax></bndbox></object><object><name>Person</name><difficult>0</difficult><bndbox><xmin>521</xmin><ymin>80</ymin><xmax>557</xmax><ymax>160</ymax></bndbox></object></annotation>