<annotation><filename>frame_1005.jpg</filename><size><height>482</height><width>640</width><depth>3</depth></size><object><name>Person</name><difficult>0</difficult><bndbox><xmin>352</xmin><ymin>192</ymin><xmax>401</xmax><ymax>282</ymax></bndbox></object><object><name>Person</name><difficult>0</difficult><bndbox><xmin>494</xmin><ymin>171</ymin><xmax>534</xmax><ymax>248</ymax></bndbox></object><object><name>Person</name><difficult>0</difficult><bndbox><xmin>471</xmin><ymin>44</ymin><xmax>510</xmax><ymax>107</ymax></bndbox></object><object><name>Auto</name><difficult>0</difficult><bndbox><xmin>410</xmin><ymin>118</ymin><xmax>474</xmax><ymax>201</ymax></bndbox></object><object><name>Car</name><difficult>0</difficult><bndbox><xmin>323</xmin><ymin>78</ymin><xmax>397</xmax><ymax>160</ymax></bndbox></object><object><name>Car</name><difficult>0</difficult><bndbox><xmin>278</xmin><ymin>26</ymin><xmax>351</xmax><ymax>99</ymax></bndbox></object></annotation>