<annotation><filename>frame_1114.jpg</filename><size><height>482</height><width>640</width><depth>3</depth></size><object><name>Person</name><difficult>0</difficult><bndbox><xmin>495</xmin><ymin>133</ymin><xmax>527</xmax><ymax>196</ymax></bndbox></object><object><name>Person</name><difficult>0</difficult><bndbox><xmin>377</xmin><ymin>324</ymin><xmax>435</xmax><ymax>446</ymax></bndbox></object><object><name>Person</name><difficult>0</difficult><bndbox><xmin>465</xmin><ymin>34</ymin><xmax>486</xmax><ymax>83</ymax></bndbox></object><object><name>Person</name><difficult>0</difficult><bndbox><xmin>459</xmin><ymin>98</ymin><xmax>486</xmax><ymax>166</ymax></bndbox></object><object><name>Car</name><difficult>0</difficult><bndbox><xmin>108</xmin><ymin>341</ymin><xmax>233</xmax><ymax>475</ymax></bndbox></object><object><name>Car</name><difficult>0</difficult><bndbox><xmin>245</xmin><ymin>117</ymin><xmax>331</xmax><ymax>207</ymax></bndbox></object><object><name>Car</name><difficult>0</difficult><bndbox><xmin>378</xmin><ymin>32</ymin><xmax>447</xmax><ymax>104</ymax></bndbox></object><object><name>Car</name><difficult>0</difficult><bndbox><xmin>273</xmin><ymin>16</ymin><xmax>343</xmax><ymax>95</ymax></bndbox></object></annotation>