<annotation><filename>frame_11.jpg</filename><size><height>482</height><width>640</width><depth>3</depth></size><object><name>Car</name><difficult>0</difficult><bndbox><xmin>165</xmin><ymin>231</ymin><xmax>271</xmax><ymax>394</ymax></bndbox></object><object><name>Person</name><difficult>0</difficult><bndbox><xmin>299</xmin><ymin>160</ymin><xmax>335</xmax><ymax>233</ymax></bndbox></object><object><name>Bus</name><difficult>0</difficult><bndbox><xmin>375</xmin><ymin>140</ymin><xmax>545</xmax><ymax>465</ymax></bndbox></object></annotation>