<annotation><filename>frame_10.jpg</filename><size><height>482</height><width>640</width><depth>3</depth></size><object><name>Person</name><difficult>0</difficult><bndbox><xmin>386</xmin><ymin>268</ymin><xmax>440</xmax><ymax>370</ymax></bndbox></object><object><name>Person</name><difficult>0</difficult><bndbox><xmin>308</xmin><ymin>108</ymin><xmax>342</xmax><ymax>177</ymax></bndbox></object><object><name>Bus</name><difficult>0</difficult><bndbox><xmin>414</xmin><ymin>24</ymin><xmax>518</xmax><ymax>169</ymax></bndbox></object><object><name>Car</name><difficult>0</difficult><bndbox><xmin>298</xmin><ymin>22</ymin><xmax>375</xmax><ymax>82</ymax></bndbox></object></annotation>