<annotation><filename>frame_1095.jpg</filename><size><height>482</height><width>640</width><depth>3</depth></size><object><name>Person</name><difficult>0</difficult><bndbox><xmin>375</xmin><ymin>309</ymin><xmax>432</xmax><ymax>425</ymax></bndbox></object><object><name>Person</name><difficult>0</difficult><bndbox><xmin>425</xmin><ymin>37</ymin><xmax>460</xmax><ymax>107</ymax></bndbox></object><object><name>Person</name><difficult>0</difficult><bndbox><xmin>484</xmin><ymin>18</ymin><xmax>526</xmax><ymax>66</ymax></bndbox></object><object><name>Car</name><difficult>0</difficult><bndbox><xmin>330</xmin><ymin>137</ymin><xmax>430</xmax><ymax>235</ymax></bndbox></object><object><name>Car</name><difficult>0</difficult><bndbox><xmin>218</xmin><ymin>174</ymin><xmax>316</xmax><ymax>293</ymax></bndbox></object></annotation>