<annotation><filename>frame_216.jpg</filename><size><height>482</height><width>640</width><depth>3</depth></size><object><name>Person</name><difficult>0</difficult><bndbox><xmin>297</xmin><ymin>89</ymin><xmax>335</xmax><ymax>165</ymax></bndbox></object><object><name>Person</name><difficult>0</difficult><bndbox><xmin>440</xmin><ymin>136</ymin><xmax>479</xmax><ymax>225</ymax></bndbox></object><object><name>Person</name><difficult>0</difficult><bndbox><xmin>299</xmin><ymin>287</ymin><xmax>346</xmax><ymax>395</ymax></bndbox></object></annotation>