<annotation><filename>frame_1136.jpg</filename><size><height>482</height><width>640</width><depth>3</depth></size><object><name>Car</name><difficult>0</difficult><bndbox><xmin>274</xmin><ymin>74</ymin><xmax>348</xmax><ymax>151</ymax></bndbox></object><object><name>Car</name><difficult>0</difficult><bndbox><xmin>367</xmin><ymin>142</ymin><xmax>445</xmax><ymax>241</ymax></bndbox></object><object><name>Person</name><difficult>0</difficult><bndbox><xmin>497</xmin><ymin>352</ymin><xmax>557</xmax><ymax>461</ymax></bndbox></object></annotation>