<annotation><filename>frame_328.jpg</filename><size><height>482</height><width>640</width><depth>3</depth></size><object><name>Auto</name><difficult>0</difficult><bndbox><xmin>481</xmin><ymin>279</ymin><xmax>577</xmax><ymax>422</ymax></bndbox></object><object><name>Person</name><difficult>0</difficult><bndbox><xmin>387</xmin><ymin>104</ymin><xmax>439</xmax><ymax>182</ymax></bndbox></object><object><name>Person</name><difficult>0</difficult><bndbox><xmin>489</xmin><ymin>19</ymin><xmax>525</xmax><ymax>77</ymax></bndbox></object><object><name>Person</name><difficult>0</difficult><bndbox><xmin>348</xmin><ymin>21</ymin><xmax>382</xmax><ymax>65</ymax></bndbox></object></annotation>