<annotation><filename>frame_113.jpg</filename><size><height>482</height><width>640</width><depth>3</depth></size><object><name>Car</name><difficult>0</difficult><bndbox><xmin>151</xmin><ymin>286</ymin><xmax>264</xmax><ymax>426</ymax></bndbox></object><object><name>Bus</name><difficult>0</difficult><bndbox><xmin>394</xmin><ymin>55</ymin><xmax>521</xmax><ymax>295</ymax></bndbox></object><object><name>Car</name><difficult>0</difficult><bndbox><xmin>238</xmin><ymin>87</ymin><xmax>315</xmax><ymax>166</ymax></bndbox></object><object><name>Auto</name><difficult>0</difficult><bndbox><xmin>420</xmin><ymin>23</ymin><xmax>465</xmax><ymax>48</ymax></bndbox></object></annotation>