<annotation><filename>frame_314.jpg</filename><size><height>482</height><width>640</width><depth>3</depth></size><object><name>Person</name><difficult>0</difficult><bndbox><xmin>426</xmin><ymin>337</ymin><xmax>500</xmax><ymax>457</ymax></bndbox></object><object><name>Person</name><difficult>0</difficult><bndbox><xmin>463</xmin><ymin>42</ymin><xmax>510</xmax><ymax>109</ymax></bndbox></object><object><name>Person</name><difficult>0</difficult><bndbox><xmin>440</xmin><ymin>192</ymin><xmax>498</xmax><ymax>285</ymax></bndbox></object></annotation>