<annotation><filename>frame_299.jpg</filename><size><height>482</height><width>640</width><depth>3</depth></size><object><name>Person</name><difficult>0</difficult><bndbox><xmin>455</xmin><ymin>191</ymin><xmax>506</xmax><ymax>280</ymax></bndbox></object><object><name>Person</name><difficult>0</difficult><bndbox><xmin>485</xmin><ymin>92</ymin><xmax>521</xmax><ymax>164</ymax></bndbox></object><object><name>Person</name><difficult>0</difficult><bndbox><xmin>564</xmin><ymin>372</ymin><xmax>619</xmax><ymax>479</ymax></bndbox></object><object><name>Person</name><difficult>0</difficult><bndbox><xmin>447</xmin><ymin>361</ymin><xmax>514</xmax><ymax>478</ymax></bndbox></object><object><name>Auto</name><difficult>0</difficult><bndbox><xmin>391</xmin><ymin>60</ymin><xmax>445</xmax><ymax>155</ymax></bndbox></object><object><name>Auto</name><difficult>0</difficult><bndbox><xmin>426</xmin><ymin>20</ymin><xmax>500</xmax><ymax>73</ymax></bndbox></object><object><name>Car</name><difficult>0</difficult><bndbox><xmin>249</xmin><ymin>376</ymin><xmax>382</xmax><ymax>480</ymax></bndbox></object></annotation>