<annotation><filename>frame_295.jpg</filename><size><height>482</height><width>640</width><depth>3</depth></size><object><name>Car</name><difficult>0</difficult><bndbox><xmin>254</xmin><ymin>172</ymin><xmax>361</xmax><ymax>305</ymax></bndbox></object><object><name>Auto</name><difficult>0</difficult><bndbox><xmin>436</xmin><ymin>21</ymin><xmax>507</xmax><ymax>136</ymax></bndbox></object><object><name>Person</name><difficult>0</difficult><bndbox><xmin>357</xmin><ymin>78</ymin><xmax>394</xmax><ymax>140</ymax></bndbox></object><object><name>Person</name><difficult>0</difficult><bndbox><xmin>168</xmin><ymin>219</ymin><xmax>217</xmax><ymax>309</ymax></bndbox></object><object><name>Person</name><difficult>0</difficult><bndbox><xmin>398</xmin><ymin>204</ymin><xmax>454</xmax><ymax>315</ymax></bndbox></object><object><name>Person</name><difficult>0</difficult><bndbox><xmin>244</xmin><ymin>69</ymin><xmax>280</xmax><ymax>131</ymax></bndbox></object><object><name>Person</name><difficult>0</difficult><bndbox><xmin>478</xmin><ymin>260</ymin><xmax>527</xmax><ymax>368</ymax></bndbox></object><object><name>Person</name><difficult>0</difficult><bndbox><xmin>524</xmin><ymin>135</ymin><xmax>564</xmax><ymax>215</ymax></bndbox></object><object><name>Person</name><difficult>0</difficult><bndbox><xmin>528</xmin><ymin>84</ymin><xmax>566</xmax><ymax>143</ymax></bndbox></object><object><name>Person</name><difficult>0</difficult><bndbox><xmin>526</xmin><ymin>28</ymin><xmax>557</xmax><ymax>90</ymax></bndbox></object><object><name>Person</name><difficult>0</difficult><bndbox><xmin>377</xmin><ymin>51</ymin><xmax>410</xmax><ymax>103</ymax></bndbox></object><object><name>Person</name><difficult>0</difficult><bndbox><xmin>265</xmin><ymin>386</ymin><xmax>325</xmax><ymax>480</ymax></bndbox></object></annotation>