<annotation><filename>frame_102.jpg</filename><size><height>482</height><width>640</width><depth>3</depth></size><object><name>Bus</name><difficult>0</difficult><bndbox><xmin>281</xmin><ymin>91</ymin><xmax>357</xmax><ymax>217</ymax></bndbox></object><object><name>Car</name><difficult>0</difficult><bndbox><xmin>350</xmin><ymin>23</ymin><xmax>407</xmax><ymax>70</ymax></bndbox></object><object><name>Person</name><difficult>0</difficult><bndbox><xmin>438</xmin><ymin>266</ymin><xmax>470</xmax><ymax>357</ymax></bndbox></object></annotation>