<annotation><filename>frame_1116.jpg</filename><size><height>482</height><width>640</width><depth>3</depth></size><object><name>Auto</name><difficult>0</difficult><bndbox><xmin>174</xmin><ymin>121</ymin><xmax>250</xmax><ymax>264</ymax></bndbox></object><object><name>Person</name><difficult>0</difficult><bndbox><xmin>295</xmin><ymin>145</ymin><xmax>323</xmax><ymax>215</ymax></bndbox></object><object><name>Car</name><difficult>0</difficult><bndbox><xmin>288</xmin><ymin>210</ymin><xmax>382</xmax><ymax>344</ymax></bndbox></object><object><name>Auto</name><difficult>0</difficult><bndbox><xmin>414</xmin><ymin>94</ymin><xmax>465</xmax><ymax>173</ymax></bndbox></object><object><name>Person</name><difficult>0</difficult><bndbox><xmin>480</xmin><ymin>236</ymin><xmax>503</xmax><ymax>319</ymax></bndbox></object><object><name>Car</name><difficult>0</difficult><bndbox><xmin>51</xmin><ymin>425</ymin><xmax>187</xmax><ymax>480</ymax></bndbox></object></annotation>