<annotation><filename>frame_267.jpg</filename><size><height>482</height><width>640</width><depth>3</depth></size><object><name>Car</name><difficult>0</difficult><bndbox><xmin>291</xmin><ymin>243</ymin><xmax>408</xmax><ymax>417</ymax></bndbox></object><object><name>Car</name><difficult>0</difficult><bndbox><xmin>469</xmin><ymin>212</ymin><xmax>571</xmax><ymax>332</ymax></bndbox></object><object><name>Car</name><difficult>0</difficult><bndbox><xmin>115</xmin><ymin>300</ymin><xmax>228</xmax><ymax>459</ymax></bndbox></object><object><name>Person</name><difficult>0</difficult><bndbox><xmin>406</xmin><ymin>84</ymin><xmax>447</xmax><ymax>158</ymax></bndbox></object></annotation>