<annotation><filename>frame_173.jpg</filename><size><height>482</height><width>640</width><depth>3</depth></size><object><name>Car</name><difficult>0</difficult><bndbox><xmin>178</xmin><ymin>282</ymin><xmax>289</xmax><ymax>461</ymax></bndbox></object><object><name>Car</name><difficult>0</difficult><bndbox><xmin>179</xmin><ymin>192</ymin><xmax>267</xmax><ymax>294</ymax></bndbox></object><object><name>Car</name><difficult>0</difficult><bndbox><xmin>309</xmin><ymin>163</ymin><xmax>390</xmax><ymax>264</ymax></bndbox></object><object><name>Car</name><difficult>0</difficult><bndbox><xmin>371</xmin><ymin>54</ymin><xmax>443</xmax><ymax>134</ymax></bndbox></object><object><name>Car</name><difficult>0</difficult><bndbox><xmin>265</xmin><ymin>31</ymin><xmax>334</xmax><ymax>105</ymax></bndbox></object><object><name>Person</name><difficult>0</difficult><bndbox><xmin>485</xmin><ymin>23</ymin><xmax>524</xmax><ymax>84</ymax></bndbox></object><object><name>Person</name><difficult>0</difficult><bndbox><xmin>500</xmin><ymin>286</ymin><xmax>561</xmax><ymax>386</ymax></bndbox></object><object><name>Person</name><difficult>0</difficult><bndbox><xmin>401</xmin><ymin>217</ymin><xmax>451</xmax><ymax>312</ymax></bndbox></object><object><name>Car</name><difficult>0</difficult><bndbox><xmin>313</xmin><ymin>374</ymin><xmax>442</xmax><ymax>481</ymax></bndbox></object></annotation>