<annotation><filename>frame_2.jpg</filename><size><height>482</height><width>640</width><depth>3</depth></size><object><name>Car</name><difficult>0</difficult><bndbox><xmin>341</xmin><ymin>97</ymin><xmax>426</xmax><ymax>216</ymax></bndbox></object><object><name>Person</name><difficult>0</difficult><bndbox><xmin>433</xmin><ymin>293</ymin><xmax>489</xmax><ymax>404</ymax></bndbox></object><object><name>Car</name><difficult>0</difficult><bndbox><xmin>452</xmin><ymin>28</ymin><xmax>508</xmax><ymax>99</ymax></bndbox></object></annotation>