<annotation><filename>frame_181.jpg</filename><size><height>482</height><width>640</width><depth>3</depth></size><object><name>Person</name><difficult>0</difficult><bndbox><xmin>320</xmin><ymin>172</ymin><xmax>357</xmax><ymax>253</ymax></bndbox></object><object><name>Person</name><difficult>0</difficult><bndbox><xmin>471</xmin><ymin>151</ymin><xmax>513</xmax><ymax>231</ymax></bndbox></object><object><name>Person</name><difficult>0</difficult><bndbox><xmin>400</xmin><ymin>278</ymin><xmax>450</xmax><ymax>387</ymax></bndbox></object><object><name>Person</name><difficult>0</difficult><bndbox><xmin>389</xmin><ymin>76</ymin><xmax>425</xmax><ymax>147</ymax></bndbox></object><object><name>Person</name><difficult>0</difficult><bndbox><xmin>513</xmin><ymin>25</ymin><xmax>545</xmax><ymax>59</ymax></bndbox></object><object><name>Car</name><difficult>0</difficult><bndbox><xmin>400</xmin><ymin>20</ymin><xmax>458</xmax><ymax>54</ymax></bndbox></object></annotation>