<annotation><filename>frame_140.jpg</filename><size><height>482</height><width>640</width><depth>3</depth></size><object><name>Auto</name><difficult>0</difficult><bndbox><xmin>459</xmin><ymin>90</ymin><xmax>522</xmax><ymax>183</ymax></bndbox></object><object><name>Person</name><difficult>0</difficult><bndbox><xmin>371</xmin><ymin>187</ymin><xmax>418</xmax><ymax>285</ymax></bndbox></object><object><name>Person</name><difficult>0</difficult><bndbox><xmin>274</xmin><ymin>129</ymin><xmax>315</xmax><ymax>208</ymax></bndbox></object><object><name>Person</name><difficult>0</difficult><bndbox><xmin>354</xmin><ymin>44</ymin><xmax>391</xmax><ymax>113</ymax></bndbox></object><object><name>Person</name><difficult>0</difficult><bndbox><xmin>425</xmin><ymin>26</ymin><xmax>456</xmax><ymax>89</ymax></bndbox></object></annotation>