<annotation><filename>frame_282.jpg</filename><size><height>482</height><width>640</width><depth>3</depth></size><object><name>Bus</name><difficult>0</difficult><bndbox><xmin>60</xmin><ymin>207</ymin><xmax>275</xmax><ymax>481</ymax></bndbox></object><object><name>Car</name><difficult>0</difficult><bndbox><xmin>350</xmin><ymin>45</ymin><xmax>434</xmax><ymax>154</ymax></bndbox></object><object><name>Person</name><difficult>0</difficult><bndbox><xmin>523</xmin><ymin>209</ymin><xmax>568</xmax><ymax>304</ymax></bndbox></object></annotation>