<annotation><filename>frame_142.jpg</filename><size><height>482</height><width>640</width><depth>3</depth></size><object><name>Car</name><difficult>0</difficult><bndbox><xmin>265</xmin><ymin>291</ymin><xmax>372</xmax><ymax>435</ymax></bndbox></object><object><name>Car</name><difficult>0</difficult><bndbox><xmin>188</xmin><ymin>160</ymin><xmax>287</xmax><ymax>307</ymax></bndbox></object><object><name>Car</name><difficult>0</difficult><bndbox><xmin>233</xmin><ymin>58</ymin><xmax>299</xmax><ymax>138</ymax></bndbox></object><object><name>Car</name><difficult>0</difficult><bndbox><xmin>343</xmin><ymin>61</ymin><xmax>407</xmax><ymax>138</ymax></bndbox></object><object><name>Person</name><difficult>0</difficult><bndbox><xmin>425</xmin><ymin>76</ymin><xmax>464</xmax><ymax>141</ymax></bndbox></object><object><name>Auto</name><difficult>0</difficult><bndbox><xmin>472</xmin><ymin>111</ymin><xmax>533</xmax><ymax>189</ymax></bndbox></object><object><name>Person</name><difficult>0</difficult><bndbox><xmin>353</xmin><ymin>142</ymin><xmax>388</xmax><ymax>219</ymax></bndbox></object></annotation>