<annotation><filename>frame_313.jpg</filename><size><height>482</height><width>640</width><depth>3</depth></size><object><name>Person</name><difficult>0</difficult><bndbox><xmin>377</xmin><ymin>160</ymin><xmax>417</xmax><ymax>254</ymax></bndbox></object><object><name>Person</name><difficult>0</difficult><bndbox><xmin>441</xmin><ymin>27</ymin><xmax>480</xmax><ymax>82</ymax></bndbox></object><object><name>Person</name><difficult>0</difficult><bndbox><xmin>436</xmin><ymin>89</ymin><xmax>474</xmax><ymax>172</ymax></bndbox></object></annotation>