<annotation><filename>frame_1084.jpg</filename><size><height>482</height><width>640</width><depth>3</depth></size><object><name>Bus</name><difficult>0</difficult><bndbox><xmin>346</xmin><ymin>72</ymin><xmax>475</xmax><ymax>310</ymax></bndbox></object><object><name>Person</name><difficult>0</difficult><bndbox><xmin>484</xmin><ymin>70</ymin><xmax>520</xmax><ymax>149</ymax></bndbox></object><object><name>Person</name><difficult>0</difficult><bndbox><xmin>497</xmin><ymin>376</ymin><xmax>554</xmax><ymax>479</ymax></bndbox></object><object><name>Bus</name><difficult>0</difficult><bndbox><xmin>271</xmin><ymin>18</ymin><xmax>361</xmax><ymax>87</ymax></bndbox></object></annotation>