<annotation><filename>frame_1060.jpg</filename><size><height>482</height><width>640</width><depth>3</depth></size><object><name>Auto</name><difficult>0</difficult><bndbox><xmin>355</xmin><ymin>264</ymin><xmax>469</xmax><ymax>482</ymax></bndbox></object><object><name>Car</name><difficult>0</difficult><bndbox><xmin>382</xmin><ymin>113</ymin><xmax>467</xmax><ymax>184</ymax></bndbox></object><object><name>Car</name><difficult>0</difficult><bndbox><xmin>190</xmin><ymin>231</ymin><xmax>314</xmax><ymax>377</ymax></bndbox></object><object><name>Person</name><difficult>0</difficult><bndbox><xmin>316</xmin><ymin>83</ymin><xmax>345</xmax><ymax>147</ymax></bndbox></object></annotation>