<annotation><filename>frame_240.jpg</filename><size><height>482</height><width>640</width><depth>3</depth></size><object><name>Car</name><difficult>0</difficult><bndbox><xmin>209</xmin><ymin>212</ymin><xmax>319</xmax><ymax>337</ymax></bndbox></object><object><name>Car</name><difficult>0</difficult><bndbox><xmin>359</xmin><ymin>253</ymin><xmax>460</xmax><ymax>376</ymax></bndbox></object><object><name>Car</name><difficult>0</difficult><bndbox><xmin>293</xmin><ymin>19</ymin><xmax>374</xmax><ymax>76</ymax></bndbox></object><object><name>Car</name><difficult>0</difficult><bndbox><xmin>391</xmin><ymin>21</ymin><xmax>459</xmax><ymax>72</ymax></bndbox></object><object><name>Person</name><difficult>0</difficult><bndbox><xmin>346</xmin><ymin>154</ymin><xmax>389</xmax><ymax>241</ymax></bndbox></object><object><name>Person</name><difficult>0</difficult><bndbox><xmin>192</xmin><ymin>136</ymin><xmax>239</xmax><ymax>214</ymax></bndbox></object></annotation>