<annotation><filename>frame_1017.jpg</filename><size><height>482</height><width>640</width><depth>3</depth></size><object><name>Person</name><difficult>0</difficult><bndbox><xmin>504</xmin><ymin>99</ymin><xmax>542</xmax><ymax>164</ymax></bndbox></object><object><name>Person</name><difficult>0</difficult><bndbox><xmin>471</xmin><ymin>192</ymin><xmax>521</xmax><ymax>271</ymax></bndbox></object><object><name>Person</name><difficult>0</difficult><bndbox><xmin>328</xmin><ymin>203</ymin><xmax>368</xmax><ymax>289</ymax></bndbox></object><object><name>Car</name><difficult>0</difficult><bndbox><xmin>214</xmin><ymin>232</ymin><xmax>330</xmax><ymax>398</ymax></bndbox></object><object><name>Car</name><difficult>0</difficult><bndbox><xmin>285</xmin><ymin>70</ymin><xmax>367</xmax><ymax>187</ymax></bndbox></object><object><name>Car</name><difficult>0</difficult><bndbox><xmin>192</xmin><ymin>163</ymin><xmax>284</xmax><ymax>260</ymax></bndbox></object><object><name>Car</name><difficult>0</difficult><bndbox><xmin>320</xmin><ymin>392</ymin><xmax>437</xmax><ymax>481</ymax></bndbox></object></annotation>