<annotation><filename>frame_1057.jpg</filename><size><height>482</height><width>640</width><depth>3</depth></size><object><name>Car</name><difficult>0</difficult><bndbox><xmin>438</xmin><ymin>163</ymin><xmax>517</xmax><ymax>309</ymax></bndbox></object><object><name>Car</name><difficult>0</difficult><bndbox><xmin>164</xmin><ymin>305</ymin><xmax>291</xmax><ymax>457</ymax></bndbox></object><object><name>Car</name><difficult>0</difficult><bndbox><xmin>359</xmin><ymin>247</ymin><xmax>411</xmax><ymax>361</ymax></bndbox></object><object><name>Person</name><difficult>0</difficult><bndbox><xmin>398</xmin><ymin>136</ymin><xmax>434</xmax><ymax>220</ymax></bndbox></object><object><name>Bus</name><difficult>0</difficult><bndbox><xmin>252</xmin><ymin>39</ymin><xmax>363</xmax><ymax>188</ymax></bndbox></object><object><name>Auto</name><difficult>0</difficult><bndbox><xmin>403</xmin><ymin>39</ymin><xmax>465</xmax><ymax>122</ymax></bndbox></object></annotation>