<annotation><filename>frame_1015.jpg</filename><size><height>482</height><width>640</width><depth>3</depth></size><object><name>Person</name><difficult>0</difficult><bndbox><xmin>383</xmin><ymin>196</ymin><xmax>423</xmax><ymax>302</ymax></bndbox></object><object><name>Person</name><difficult>0</difficult><bndbox><xmin>500</xmin><ymin>140</ymin><xmax>538</xmax><ymax>231</ymax></bndbox></object><object><name>Car</name><difficult>0</difficult><bndbox><xmin>440</xmin><ymin>59</ymin><xmax>519</xmax><ymax>143</ymax></bndbox></object><object><name>Auto</name><difficult>0</difficult><bndbox><xmin>383</xmin><ymin>17</ymin><xmax>444</xmax><ymax>61</ymax></bndbox></object><object><name>Person</name><difficult>0</difficult><bndbox><xmin>339</xmin><ymin>18</ymin><xmax>367</xmax><ymax>56</ymax></bndbox></object></annotation>