<annotation><filename>frame_221.jpg</filename><size><height>482</height><width>640</width><depth>3</depth></size><object><name>Car</name><difficult>0</difficult><bndbox><xmin>329</xmin><ymin>149</ymin><xmax>410</xmax><ymax>258</ymax></bndbox></object><object><name>Car</name><difficult>0</difficult><bndbox><xmin>104</xmin><ymin>363</ymin><xmax>263</xmax><ymax>481</ymax></bndbox></object><object><name>Person</name><difficult>0</difficult><bndbox><xmin>414</xmin><ymin>289</ymin><xmax>478</xmax><ymax>411</ymax></bndbox></object><object><name>Auto</name><difficult>0</difficult><bndbox><xmin>483</xmin><ymin>25</ymin><xmax>530</xmax><ymax>82</ymax></bndbox></object><object><name>Car</name><difficult>0</difficult><bndbox><xmin>301</xmin><ymin>49</ymin><xmax>374</xmax><ymax>133</ymax></bndbox></object></annotation>