<annotation><filename>frame_1201.jpg</filename><size><height>482</height><width>640</width><depth>3</depth></size><object><name>Car</name><difficult>0</difficult><bndbox><xmin>325</xmin><ymin>122</ymin><xmax>406</xmax><ymax>215</ymax></bndbox></object><object><name>Car</name><difficult>0</difficult><bndbox><xmin>101</xmin><ymin>282</ymin><xmax>229</xmax><ymax>453</ymax></bndbox></object><object><name>Person</name><difficult>0</difficult><bndbox><xmin>515</xmin><ymin>96</ymin><xmax>547</xmax><ymax>161</ymax></bndbox></object><object><name>Person</name><difficult>0</difficult><bndbox><xmin>473</xmin><ymin>352</ymin><xmax>534</xmax><ymax>469</ymax></bndbox></object><object><name>Person</name><difficult>0</difficult><bndbox><xmin>491</xmin><ymin>18</ymin><xmax>524</xmax><ymax>83</ymax></bndbox></object><object><name>Person</name><difficult>0</difficult><bndbox><xmin>367</xmin><ymin>19</ymin><xmax>404</xmax><ymax>77</ymax></bndbox></object></annotation>