<annotation><filename>frame_189.jpg</filename><size><height>482</height><width>640</width><depth>3</depth></size><object><name>Car</name><difficult>0</difficult><bndbox><xmin>312</xmin><ymin>23</ymin><xmax>386</xmax><ymax>103</ymax></bndbox></object><object><name>Person</name><difficult>0</difficult><bndbox><xmin>385</xmin><ymin>89</ymin><xmax>427</xmax><ymax>167</ymax></bndbox></object><object><name>Auto</name><difficult>0</difficult><bndbox><xmin>463</xmin><ymin>153</ymin><xmax>542</xmax><ymax>263</ymax></bndbox></object><object><name>Person</name><difficult>0</difficult><bndbox><xmin>71</xmin><ymin>289</ymin><xmax>113</xmax><ymax>388</ymax></bndbox></object><object><name>Person</name><difficult>0</difficult><bndbox><xmin>140</xmin><ymin>292</ymin><xmax>196</xmax><ymax>394</ymax></bndbox></object><object><name>Person</name><difficult>0</difficult><bndbox><xmin>160</xmin><ymin>400</ymin><xmax>215</xmax><ymax>478</ymax></bndbox></object><object><name>Person</name><difficult>0</difficult><bndbox><xmin>459</xmin><ymin>25</ymin><xmax>494</xmax><ymax>65</ymax></bndbox></object><object><name>Car</name><difficult>0</difficult><bndbox><xmin>262</xmin><ymin>395</ymin><xmax>382</xmax><ymax>478</ymax></bndbox></object></annotation>