<annotation><filename>frame_1155.jpg</filename><size><height>482</height><width>640</width><depth>3</depth></size><object><name>Auto</name><difficult>0</difficult><bndbox><xmin>120</xmin><ymin>240</ymin><xmax>213</xmax><ymax>464</ymax></bndbox></object><object><name>Person</name><difficult>0</difficult><bndbox><xmin>314</xmin><ymin>358</ymin><xmax>368</xmax><ymax>471</ymax></bndbox></object><object><name>Person</name><difficult>0</difficult><bndbox><xmin>353</xmin><ymin>72</ymin><xmax>375</xmax><ymax>146</ymax></bndbox></object><object><name>Person</name><difficult>0</difficult><bndbox><xmin>485</xmin><ymin>37</ymin><xmax>524</xmax><ymax>107</ymax></bndbox></object><object><name>Car</name><difficult>0</difficult><bndbox><xmin>179</xmin><ymin>173</ymin><xmax>270</xmax><ymax>263</ymax></bndbox></object><object><name>Car</name><difficult>0</difficult><bndbox><xmin>381</xmin><ymin>104</ymin><xmax>445</xmax><ymax>184</ymax></bndbox></object><object><name>Car</name><difficult>0</difficult><bndbox><xmin>268</xmin><ymin>56</ymin><xmax>340</xmax><ymax>131</ymax></bndbox></object></annotation>