<annotation><filename>frame_1169.jpg</filename><size><height>482</height><width>640</width><depth>3</depth></size><object><name>Auto</name><difficult>0</difficult><bndbox><xmin>456</xmin><ymin>108</ymin><xmax>511</xmax><ymax>199</ymax></bndbox></object><object><name>Person</name><difficult>0</difficult><bndbox><xmin>472</xmin><ymin>305</ymin><xmax>509</xmax><ymax>413</ymax></bndbox></object><object><name>Car</name><difficult>0</difficult><bndbox><xmin>378</xmin><ymin>29</ymin><xmax>444</xmax><ymax>93</ymax></bndbox></object><object><name>Car</name><difficult>0</difficult><bndbox><xmin>290</xmin><ymin>66</ymin><xmax>360</xmax><ymax>148</ymax></bndbox></object></annotation>