<annotation><filename>frame_347.jpg</filename><size><height>482</height><width>640</width><depth>3</depth></size><object><name>Person</name><difficult>0</difficult><bndbox><xmin>189</xmin><ymin>224</ymin><xmax>233</xmax><ymax>317</ymax></bndbox></object><object><name>Person</name><difficult>0</difficult><bndbox><xmin>162</xmin><ymin>333</ymin><xmax>217</xmax><ymax>465</ymax></bndbox></object><object><name>Person</name><difficult>0</difficult><bndbox><xmin>310</xmin><ymin>13</ymin><xmax>353</xmax><ymax>61</ymax></bndbox></object><object><name>Person</name><difficult>0</difficult><bndbox><xmin>516</xmin><ymin>23</ymin><xmax>555</xmax><ymax>70</ymax></bndbox></object><object><name>Auto</name><difficult>0</difficult><bndbox><xmin>445</xmin><ymin>23</ymin><xmax>501</xmax><ymax>83</ymax></bndbox></object><object><name>Car</name><difficult>0</difficult><bndbox><xmin>221</xmin><ymin>105</ymin><xmax>312</xmax><ymax>201</ymax></bndbox></object></annotation>