<annotation><filename>frame_138.jpg</filename><size><height>482</height><width>640</width><depth>3</depth></size><object><name>Car</name><difficult>0</difficult><bndbox><xmin>270</xmin><ymin>41</ymin><xmax>348</xmax><ymax>137</ymax></bndbox></object><object><name>Person</name><difficult>0</difficult><bndbox><xmin>412</xmin><ymin>98</ymin><xmax>438</xmax><ymax>162</ymax></bndbox></object><object><name>Person</name><difficult>0</difficult><bndbox><xmin>435</xmin><ymin>47</ymin><xmax>468</xmax><ymax>113</ymax></bndbox></object><object><name>Car</name><difficult>0</difficult><bndbox><xmin>207</xmin><ymin>412</ymin><xmax>335</xmax><ymax>480</ymax></bndbox></object></annotation>