<annotation><filename>frame_147.jpg</filename><size><height>482</height><width>640</width><depth>3</depth></size><object><name>Car</name><difficult>0</difficult><bndbox><xmin>351</xmin><ymin>41</ymin><xmax>418</xmax><ymax>114</ymax></bndbox></object><object><name>Person</name><difficult>0</difficult><bndbox><xmin>472</xmin><ymin>37</ymin><xmax>505</xmax><ymax>101</ymax></bndbox></object><object><name>Person</name><difficult>0</difficult><bndbox><xmin>458</xmin><ymin>239</ymin><xmax>506</xmax><ymax>338</ymax></bndbox></object></annotation>