<annotation><filename>frame_351.jpg</filename><size><height>482</height><width>640</width><depth>3</depth></size><object><name>Auto</name><difficult>0</difficult><bndbox><xmin>216</xmin><ymin>112</ymin><xmax>284</xmax><ymax>230</ymax></bndbox></object><object><name>Person</name><difficult>0</difficult><bndbox><xmin>292</xmin><ymin>221</ymin><xmax>320</xmax><ymax>323</ymax></bndbox></object><object><name>Car</name><difficult>0</difficult><bndbox><xmin>327</xmin><ymin>270</ymin><xmax>443</xmax><ymax>414</ymax></bndbox></object><object><name>Auto</name><difficult>0</difficult><bndbox><xmin>482</xmin><ymin>400</ymin><xmax>590</xmax><ymax>482</ymax></bndbox></object><object><name>Person</name><difficult>0</difficult><bndbox><xmin>229</xmin><ymin>94</ymin><xmax>265</xmax><ymax>135</ymax></bndbox></object><object><name>Car</name><difficult>0</difficult><bndbox><xmin>321</xmin><ymin>101</ymin><xmax>433</xmax><ymax>240</ymax></bndbox></object></annotation>