<annotation><filename>frame_304.jpg</filename><size><height>482</height><width>640</width><depth>3</depth></size><object><name>Auto</name><difficult>0</difficult><bndbox><xmin>467</xmin><ymin>241</ymin><xmax>553</xmax><ymax>371</ymax></bndbox></object><object><name>Person</name><difficult>0</difficult><bndbox><xmin>445</xmin><ymin>125</ymin><xmax>485</xmax><ymax>207</ymax></bndbox></object><object><name>Person</name><difficult>0</difficult><bndbox><xmin>482</xmin><ymin>33</ymin><xmax>511</xmax><ymax>90</ymax></bndbox></object><object><name>Auto</name><difficult>0</difficult><bndbox><xmin>331</xmin><ymin>21</ymin><xmax>391</xmax><ymax>60</ymax></bndbox></object></annotation>