<annotation><filename>frame_16.jpg</filename><size><height>482</height><width>640</width><depth>3</depth></size><object><name>Car</name><difficult>0</difficult><bndbox><xmin>324</xmin><ymin>74</ymin><xmax>396</xmax><ymax>159</ymax></bndbox></object><object><name>Person</name><difficult>0</difficult><bndbox><xmin>509</xmin><ymin>117</ymin><xmax>541</xmax><ymax>185</ymax></bndbox></object><object><name>Person</name><difficult>0</difficult><bndbox><xmin>453</xmin><ymin>125</ymin><xmax>487</xmax><ymax>198</ymax></bndbox></object></annotation>