<annotation><filename>frame_303.jpg</filename><size><height>482</height><width>640</width><depth>3</depth></size><object><name>Person</name><difficult>0</difficult><bndbox><xmin>413</xmin><ymin>74</ymin><xmax>454</xmax><ymax>144</ymax></bndbox></object><object><name>Auto</name><difficult>0</difficult><bndbox><xmin>474</xmin><ymin>69</ymin><xmax>529</xmax><ymax>160</ymax></bndbox></object><object><name>Car</name><difficult>0</difficult><bndbox><xmin>364</xmin><ymin>161</ymin><xmax>456</xmax><ymax>281</ymax></bndbox></object><object><name>Car</name><difficult>0</difficult><bndbox><xmin>215</xmin><ymin>158</ymin><xmax>304</xmax><ymax>269</ymax></bndbox></object><object><name>Car</name><difficult>0</difficult><bndbox><xmin>115</xmin><ymin>337</ymin><xmax>226</xmax><ymax>476</ymax></bndbox></object></annotation>