<annotation><filename>frame_249.jpg</filename><size><height>482</height><width>640</width><depth>3</depth></size><object><name>Bus</name><difficult>0</difficult><bndbox><xmin>271</xmin><ymin>126</ymin><xmax>382</xmax><ymax>307</ymax></bndbox></object><object><name>Car</name><difficult>0</difficult><bndbox><xmin>419</xmin><ymin>39</ymin><xmax>480</xmax><ymax>107</ymax></bndbox></object><object><name>Person</name><difficult>0</difficult><bndbox><xmin>307</xmin><ymin>355</ymin><xmax>374</xmax><ymax>475</ymax></bndbox></object><object><name>Auto</name><difficult>0</difficult><bndbox><xmin>273</xmin><ymin>21</ymin><xmax>344</xmax><ymax>94</ymax></bndbox></object></annotation>