<annotation><filename>frame_1119.jpg</filename><size><height>482</height><width>640</width><depth>3</depth></size><object><name>Car</name><difficult>0</difficult><bndbox><xmin>250</xmin><ymin>100</ymin><xmax>320</xmax><ymax>180</ymax></bndbox></object><object><name>Car</name><difficult>0</difficult><bndbox><xmin>302</xmin><ymin>25</ymin><xmax>358</xmax><ymax>78</ymax></bndbox></object><object><name>Auto</name><difficult>0</difficult><bndbox><xmin>282</xmin><ymin>332</ymin><xmax>400</xmax><ymax>479</ymax></bndbox></object><object><name>Auto</name><difficult>0</difficult><bndbox><xmin>405</xmin><ymin>24</ymin><xmax>459</xmax><ymax>65</ymax></bndbox></object><object><name>Person</name><difficult>0</difficult><bndbox><xmin>448</xmin><ymin>332</ymin><xmax>496</xmax><ymax>432</ymax></bndbox></object><object><name>Person</name><difficult>0</difficult><bndbox><xmin>497</xmin><ymin>132</ymin><xmax>529</xmax><ymax>215</ymax></bndbox></object></annotation>