<annotation><filename>frame_1064.jpg</filename><size><height>482</height><width>640</width><depth>3</depth></size><object><name>Person</name><difficult>0</difficult><bndbox><xmin>361</xmin><ymin>22</ymin><xmax>391</xmax><ymax>93</ymax></bndbox></object><object><name>Person</name><difficult>0</difficult><bndbox><xmin>403</xmin><ymin>105</ymin><xmax>442</xmax><ymax>181</ymax></bndbox></object><object><name>Person</name><difficult>0</difficult><bndbox><xmin>506</xmin><ymin>330</ymin><xmax>566</xmax><ymax>462</ymax></bndbox></object><object><name>Car</name><difficult>0</difficult><bndbox><xmin>243</xmin><ymin>129</ymin><xmax>332</xmax><ymax>229</ymax></bndbox></object><object><name>Car</name><difficult>0</difficult><bndbox><xmin>421</xmin><ymin>30</ymin><xmax>481</xmax><ymax>87</ymax></bndbox></object></annotation>