<annotation><filename>frame_301.jpg</filename><size><height>482</height><width>640</width><depth>3</depth></size><object><name>Person</name><difficult>0</difficult><bndbox><xmin>507</xmin><ymin>29</ymin><xmax>538</xmax><ymax>84</ymax></bndbox></object><object><name>Auto</name><difficult>0</difficult><bndbox><xmin>233</xmin><ymin>82</ymin><xmax>282</xmax><ymax>167</ymax></bndbox></object><object><name>Car</name><difficult>0</difficult><bndbox><xmin>248</xmin><ymin>268</ymin><xmax>366</xmax><ymax>440</ymax></bndbox></object><object><name>Car</name><difficult>0</difficult><bndbox><xmin>258</xmin><ymin>144</ymin><xmax>342</xmax><ymax>263</ymax></bndbox></object><object><name>Car</name><difficult>0</difficult><bndbox><xmin>284</xmin><ymin>45</ymin><xmax>345</xmax><ymax>118</ymax></bndbox></object><object><name>Car</name><difficult>0</difficult><bndbox><xmin>416</xmin><ymin>35</ymin><xmax>492</xmax><ymax>136</ymax></bndbox></object></annotation>