<annotation><filename>frame_1163.jpg</filename><size><height>482</height><width>640</width><depth>3</depth></size><object><name>Auto</name><difficult>0</difficult><bndbox><xmin>149</xmin><ymin>277</ymin><xmax>232</xmax><ymax>417</ymax></bndbox></object><object><name>Auto</name><difficult>0</difficult><bndbox><xmin>400</xmin><ymin>33</ymin><xmax>474</xmax><ymax>132</ymax></bndbox></object><object><name>Person</name><difficult>0</difficult><bndbox><xmin>390</xmin><ymin>358</ymin><xmax>438</xmax><ymax>466</ymax></bndbox></object><object><name>Car</name><difficult>0</difficult><bndbox><xmin>278</xmin><ymin>80</ymin><xmax>349</xmax><ymax>173</ymax></bndbox></object></annotation>