<annotation><filename>frame_1063.jpg</filename><size><height>482</height><width>640</width><depth>3</depth></size><object><name>Person</name><difficult>0</difficult><bndbox><xmin>493</xmin><ymin>117</ymin><xmax>521</xmax><ymax>187</ymax></bndbox></object><object><name>Person</name><difficult>0</difficult><bndbox><xmin>385</xmin><ymin>135</ymin><xmax>437</xmax><ymax>218</ymax></bndbox></object><object><name>Auto</name><difficult>0</difficult><bndbox><xmin>439</xmin><ymin>249</ymin><xmax>554</xmax><ymax>434</ymax></bndbox></object></annotation>