<annotation><filename>frame_1072.jpg</filename><size><height>482</height><width>640</width><depth>3</depth></size><object><name>Person</name><difficult>0</difficult><bndbox><xmin>507</xmin><ymin>144</ymin><xmax>547</xmax><ymax>234</ymax></bndbox></object><object><name>Person</name><difficult>0</difficult><bndbox><xmin>402</xmin><ymin>198</ymin><xmax>444</xmax><ymax>284</ymax></bndbox></object><object><name>Auto</name><difficult>0</difficult><bndbox><xmin>392</xmin><ymin>52</ymin><xmax>449</xmax><ymax>137</ymax></bndbox></object><object><name>Person</name><difficult>0</difficult><bndbox><xmin>236</xmin><ymin>214</ymin><xmax>272</xmax><ymax>301</ymax></bndbox></object><object><name>Car</name><difficult>0</difficult><bndbox><xmin>224</xmin><ymin>138</ymin><xmax>325</xmax><ymax>234</ymax></bndbox></object></annotation>