<annotation><filename>frame_1099.jpg</filename><size><height>482</height><width>640</width><depth>3</depth></size><object><name>Person</name><difficult>0</difficult><bndbox><xmin>407</xmin><ymin>172</ymin><xmax>449</xmax><ymax>261</ymax></bndbox></object><object><name>Person</name><difficult>0</difficult><bndbox><xmin>394</xmin><ymin>333</ymin><xmax>447</xmax><ymax>450</ymax></bndbox></object><object><name>Car</name><difficult>0</difficult><bndbox><xmin>173</xmin><ymin>160</ymin><xmax>300</xmax><ymax>303</ymax></bndbox></object><object><name>Car</name><difficult>0</difficult><bndbox><xmin>355</xmin><ymin>23</ymin><xmax>435</xmax><ymax>123</ymax></bndbox></object></annotation>