<annotation><filename>frame_248.jpg</filename><size><height>482</height><width>640</width><depth>3</depth></size><object><name>Car</name><difficult>0</difficult><bndbox><xmin>148</xmin><ymin>244</ymin><xmax>260</xmax><ymax>400</ymax></bndbox></object><object><name>Car</name><difficult>0</difficult><bndbox><xmin>354</xmin><ymin>20</ymin><xmax>421</xmax><ymax>75</ymax></bndbox></object><object><name>Person</name><difficult>0</difficult><bndbox><xmin>376</xmin><ymin>100</ymin><xmax>410</xmax><ymax>174</ymax></bndbox></object><object><name>Person</name><difficult>0</difficult><bndbox><xmin>430</xmin><ymin>56</ymin><xmax>475</xmax><ymax>136</ymax></bndbox></object><object><name>Auto</name><difficult>0</difficult><bndbox><xmin>348</xmin><ymin>271</ymin><xmax>441</xmax><ymax>409</ymax></bndbox></object></annotation>