<annotation><filename>frame_1143.jpg</filename><size><height>482</height><width>640</width><depth>3</depth></size><object><name>Car</name><difficult>0</difficult><bndbox><xmin>242</xmin><ymin>74</ymin><xmax>319</xmax><ymax>227</ymax></bndbox></object><object><name>Car</name><difficult>0</difficult><bndbox><xmin>356</xmin><ymin>24</ymin><xmax>420</xmax><ymax>83</ymax></bndbox></object><object><name>Person</name><difficult>0</difficult><bndbox><xmin>449</xmin><ymin>23</ymin><xmax>481</xmax><ymax>73</ymax></bndbox></object><object><name>Person</name><difficult>0</difficult><bndbox><xmin>543</xmin><ymin>222</ymin><xmax>579</xmax><ymax>316</ymax></bndbox></object><object><name>Car</name><difficult>0</difficult><bndbox><xmin>361</xmin><ymin>170</ymin><xmax>446</xmax><ymax>276</ymax></bndbox></object></annotation>