<annotation><filename>frame_35.jpg</filename><size><height>482</height><width>640</width><depth>3</depth></size><object><name>Car</name><difficult>0</difficult><bndbox><xmin>414</xmin><ymin>328</ymin><xmax>534</xmax><ymax>469</ymax></bndbox></object><object><name>Person</name><difficult>0</difficult><bndbox><xmin>282</xmin><ymin>409</ymin><xmax>341</xmax><ymax>478</ymax></bndbox></object><object><name>Car</name><difficult>0</difficult><bndbox><xmin>270</xmin><ymin>187</ymin><xmax>372</xmax><ymax>327</ymax></bndbox></object></annotation>