<annotation><filename>frame_167.jpg</filename><size><height>482</height><width>640</width><depth>3</depth></size><object><name>Car</name><difficult>0</difficult><bndbox><xmin>277</xmin><ymin>191</ymin><xmax>362</xmax><ymax>291</ymax></bndbox></object><object><name>Car</name><difficult>0</difficult><bndbox><xmin>158</xmin><ymin>333</ymin><xmax>268</xmax><ymax>469</ymax></bndbox></object><object><name>Auto</name><difficult>0</difficult><bndbox><xmin>421</xmin><ymin>217</ymin><xmax>493</xmax><ymax>333</ymax></bndbox></object><object><name>Auto</name><difficult>0</difficult><bndbox><xmin>499</xmin><ymin>44</ymin><xmax>553</xmax><ymax>127</ymax></bndbox></object><object><name>Person</name><difficult>0</difficult><bndbox><xmin>563</xmin><ymin>158</ymin><xmax>600</xmax><ymax>237</ymax></bndbox></object></annotation>