<annotation><filename>frame_332.jpg</filename><size><height>482</height><width>640</width><depth>3</depth></size><object><name>Car</name><difficult>0</difficult><bndbox><xmin>364</xmin><ymin>130</ymin><xmax>443</xmax><ymax>229</ymax></bndbox></object><object><name>Person</name><difficult>0</difficult><bndbox><xmin>509</xmin><ymin>148</ymin><xmax>558</xmax><ymax>233</ymax></bndbox></object><object><name>Person</name><difficult>0</difficult><bndbox><xmin>474</xmin><ymin>20</ymin><xmax>510</xmax><ymax>77</ymax></bndbox></object><object><name>Person</name><difficult>0</difficult><bndbox><xmin>413</xmin><ymin>16</ymin><xmax>449</xmax><ymax>83</ymax></bndbox></object><object><name>Car</name><difficult>0</difficult><bndbox><xmin>207</xmin><ymin>200</ymin><xmax>299</xmax><ymax>326</ymax></bndbox></object></annotation>