<annotation><filename>frame_285.jpg</filename><size><height>482</height><width>640</width><depth>3</depth></size><object><name>Auto</name><difficult>0</difficult><bndbox><xmin>390</xmin><ymin>300</ymin><xmax>501</xmax><ymax>481</ymax></bndbox></object><object><name>Person</name><difficult>0</difficult><bndbox><xmin>580</xmin><ymin>367</ymin><xmax>634</xmax><ymax>480</ymax></bndbox></object><object><name>Car</name><difficult>0</difficult><bndbox><xmin>347</xmin><ymin>116</ymin><xmax>441</xmax><ymax>212</ymax></bndbox></object><object><name>Person</name><difficult>0</difficult><bndbox><xmin>233</xmin><ymin>182</ymin><xmax>259</xmax><ymax>267</ymax></bndbox></object><object><name>Person</name><difficult>0</difficult><bndbox><xmin>268</xmin><ymin>250</ymin><xmax>314</xmax><ymax>351</ymax></bndbox></object><object><name>Person</name><difficult>0</difficult><bndbox><xmin>299</xmin><ymin>82</ymin><xmax>347</xmax><ymax>175</ymax></bndbox></object><object><name>Person</name><difficult>0</difficult><bndbox><xmin>486</xmin><ymin>90</ymin><xmax>525</xmax><ymax>174</ymax></bndbox></object><object><name>Person</name><difficult>0</difficult><bndbox><xmin>237</xmin><ymin>127</ymin><xmax>268</xmax><ymax>183</ymax></bndbox></object><object><name>Auto</name><difficult>0</difficult><bndbox><xmin>350</xmin><ymin>20</ymin><xmax>409</xmax><ymax>83</ymax></bndbox></object></annotation>