<annotation><filename>frame_1036.jpg</filename><size><height>482</height><width>640</width><depth>3</depth></size><object><name>Auto</name><difficult>0</difficult><bndbox><xmin>97</xmin><ymin>371</ymin><xmax>221</xmax><ymax>482</ymax></bndbox></object><object><name>Person</name><difficult>0</difficult><bndbox><xmin>479</xmin><ymin>17</ymin><xmax>512</xmax><ymax>72</ymax></bndbox></object><object><name>Person</name><difficult>0</difficult><bndbox><xmin>452</xmin><ymin>392</ymin><xmax>551</xmax><ymax>481</ymax></bndbox></object></annotation>