<annotation><filename>frame_116.jpg</filename><size><height>482</height><width>640</width><depth>3</depth></size><object><name>Bus</name><difficult>0</difficult><bndbox><xmin>315</xmin><ymin>291</ymin><xmax>491</xmax><ymax>482</ymax></bndbox></object><object><name>Car</name><difficult>0</difficult><bndbox><xmin>129</xmin><ymin>273</ymin><xmax>226</xmax><ymax>406</ymax></bndbox></object><object><name>Person</name><difficult>0</difficult><bndbox><xmin>325</xmin><ymin>251</ymin><xmax>353</xmax><ymax>310</ymax></bndbox></object><object><name>Person</name><difficult>0</difficult><bndbox><xmin>293</xmin><ymin>155</ymin><xmax>324</xmax><ymax>229</ymax></bndbox></object><object><name>Car</name><difficult>0</difficult><bndbox><xmin>265</xmin><ymin>54</ymin><xmax>342</xmax><ymax>153</ymax></bndbox></object><object><name>Person</name><difficult>0</difficult><bndbox><xmin>482</xmin><ymin>69</ymin><xmax>521</xmax><ymax>128</ymax></bndbox></object><object><name>Person</name><difficult>0</difficult><bndbox><xmin>486</xmin><ymin>137</ymin><xmax>522</xmax><ymax>209</ymax></bndbox></object><object><name>Person</name><difficult>0</difficult><bndbox><xmin>319</xmin><ymin>206</ymin><xmax>351</xmax><ymax>280</ymax></bndbox></object></annotation>