<annotation><filename>frame_129.jpg</filename><size><height>482</height><width>640</width><depth>3</depth></size><object><name>Person</name><difficult>0</difficult><bndbox><xmin>358</xmin><ymin>118</ymin><xmax>391</xmax><ymax>194</ymax></bndbox></object><object><name>Person</name><difficult>0</difficult><bndbox><xmin>430</xmin><ymin>27</ymin><xmax>457</xmax><ymax>91</ymax></bndbox></object><object><name>Person</name><difficult>0</difficult><bndbox><xmin>489</xmin><ymin>28</ymin><xmax>516</xmax><ymax>93</ymax></bndbox></object></annotation>