<annotation><filename>frame_1124.jpg</filename><size><height>482</height><width>640</width><depth>3</depth></size><object><name>Bus</name><difficult>0</difficult><bndbox><xmin>313</xmin><ymin>20</ymin><xmax>388</xmax><ymax>112</ymax></bndbox></object><object><name>Bus</name><difficult>0</difficult><bndbox><xmin>429</xmin><ymin>19</ymin><xmax>523</xmax><ymax>84</ymax></bndbox></object><object><name>Car</name><difficult>0</difficult><bndbox><xmin>271</xmin><ymin>78</ymin><xmax>330</xmax><ymax>164</ymax></bndbox></object><object><name>Auto</name><difficult>0</difficult><bndbox><xmin>431</xmin><ymin>95</ymin><xmax>488</xmax><ymax>178</ymax></bndbox></object></annotation>