<annotation><filename>frame_19.jpg</filename><size><height>482</height><width>640</width><depth>3</depth></size><object><name>Person</name><difficult>0</difficult><bndbox><xmin>370</xmin><ymin>25</ymin><xmax>401</xmax><ymax>76</ymax></bndbox></object><object><name>Auto</name><difficult>0</difficult><bndbox><xmin>463</xmin><ymin>302</ymin><xmax>550</xmax><ymax>443</ymax></bndbox></object><object><name>Person</name><difficult>0</difficult><bndbox><xmin>229</xmin><ymin>382</ymin><xmax>294</xmax><ymax>478</ymax></bndbox></object></annotation>