<annotation><filename>frame_1178.jpg</filename><size><height>482</height><width>640</width><depth>3</depth></size><object><name>Auto</name><difficult>0</difficult><bndbox><xmin>309</xmin><ymin>322</ymin><xmax>414</xmax><ymax>475</ymax></bndbox></object><object><name>Person</name><difficult>0</difficult><bndbox><xmin>549</xmin><ymin>275</ymin><xmax>603</xmax><ymax>376</ymax></bndbox></object><object><name>Person</name><difficult>0</difficult><bndbox><xmin>448</xmin><ymin>58</ymin><xmax>492</xmax><ymax>141</ymax></bndbox></object><object><name>Person</name><difficult>0</difficult><bndbox><xmin>322</xmin><ymin>86</ymin><xmax>395</xmax><ymax>174</ymax></bndbox></object><object><name>Person</name><difficult>0</difficult><bndbox><xmin>423</xmin><ymin>167</ymin><xmax>469</xmax><ymax>264</ymax></bndbox></object></annotation>