<annotation><filename>frame_141.jpg</filename><size><height>482</height><width>640</width><depth>3</depth></size><object><name>Car</name><difficult>0</difficult><bndbox><xmin>176</xmin><ymin>204</ymin><xmax>263</xmax><ymax>328</ymax></bndbox></object><object><name>Car</name><difficult>0</difficult><bndbox><xmin>276</xmin><ymin>162</ymin><xmax>360</xmax><ymax>264</ymax></bndbox></object><object><name>Car</name><difficult>0</difficult><bndbox><xmin>316</xmin><ymin>25</ymin><xmax>381</xmax><ymax>92</ymax></bndbox></object><object><name>Auto</name><difficult>0</difficult><bndbox><xmin>337</xmin><ymin>376</ymin><xmax>426</xmax><ymax>479</ymax></bndbox></object><object><name>Person</name><difficult>0</difficult><bndbox><xmin>196</xmin><ymin>437</ymin><xmax>246</xmax><ymax>477</ymax></bndbox></object><object><name>Person</name><difficult>0</difficult><bndbox><xmin>263</xmin><ymin>117</ymin><xmax>301</xmax><ymax>189</ymax></bndbox></object><object><name>Person</name><difficult>0</difficult><bndbox><xmin>393</xmin><ymin>100</ymin><xmax>433</xmax><ymax>173</ymax></bndbox></object><object><name>Person</name><difficult>0</difficult><bndbox><xmin>461</xmin><ymin>123</ymin><xmax>502</xmax><ymax>200</ymax></bndbox></object><object><name>Person</name><difficult>0</difficult><bndbox><xmin>505</xmin><ymin>295</ymin><xmax>543</xmax><ymax>394</ymax></bndbox></object><object><name>Person</name><difficult>0</difficult><bndbox><xmin>456</xmin><ymin>329</ymin><xmax>505</xmax><ymax>458</ymax></bndbox></object><object><name>Person</name><difficult>0</difficult><bndbox><xmin>457</xmin><ymin>50</ymin><xmax>498</xmax><ymax>105</ymax></bndbox></object><object><name>Person</name><difficult>0</difficult><bndbox><xmin>348</xmin><ymin>240</ymin><xmax>387</xmax><ymax>332</ymax></bndbox></object></annotation>