<annotation><filename>frame_137.jpg</filename><size><height>482</height><width>640</width><depth>3</depth></size><object><name>Auto</name><difficult>0</difficult><bndbox><xmin>133</xmin><ymin>222</ymin><xmax>253</xmax><ymax>439</ymax></bndbox></object><object><name>Car</name><difficult>0</difficult><bndbox><xmin>360</xmin><ymin>268</ymin><xmax>457</xmax><ymax>415</ymax></bndbox></object><object><name>Person</name><difficult>0</difficult><bndbox><xmin>374</xmin><ymin>140</ymin><xmax>406</xmax><ymax>216</ymax></bndbox></object><object><name>Person</name><difficult>0</difficult><bndbox><xmin>405</xmin><ymin>99</ymin><xmax>438</xmax><ymax>171</ymax></bndbox></object><object><name>Person</name><difficult>0</difficult><bndbox><xmin>503</xmin><ymin>75</ymin><xmax>540</xmax><ymax>142</ymax></bndbox></object><object><name>Person</name><difficult>0</difficult><bndbox><xmin>432</xmin><ymin>24</ymin><xmax>468</xmax><ymax>90</ymax></bndbox></object><object><name>Person</name><difficult>0</difficult><bndbox><xmin>325</xmin><ymin>27</ymin><xmax>359</xmax><ymax>84</ymax></bndbox></object><object><name>Person</name><difficult>0</difficult><bndbox><xmin>388</xmin><ymin>23</ymin><xmax>421</xmax><ymax>80</ymax></bndbox></object></annotation>