<annotation><filename>frame_1111.jpg</filename><size><height>482</height><width>640</width><depth>3</depth></size><object><name>Person</name><difficult>0</difficult><bndbox><xmin>260</xmin><ymin>34</ymin><xmax>288</xmax><ymax>88</ymax></bndbox></object><object><name>Person</name><difficult>0</difficult><bndbox><xmin>398</xmin><ymin>45</ymin><xmax>420</xmax><ymax>95</ymax></bndbox></object><object><name>Person</name><difficult>0</difficult><bndbox><xmin>514</xmin><ymin>54</ymin><xmax>541</xmax><ymax>108</ymax></bndbox></object><object><name>Person</name><difficult>0</difficult><bndbox><xmin>486</xmin><ymin>71</ymin><xmax>512</xmax><ymax>123</ymax></bndbox></object><object><name>Person</name><difficult>0</difficult><bndbox><xmin>485</xmin><ymin>135</ymin><xmax>527</xmax><ymax>198</ymax></bndbox></object><object><name>Person</name><difficult>0</difficult><bndbox><xmin>421</xmin><ymin>124</ymin><xmax>451</xmax><ymax>184</ymax></bndbox></object><object><name>Person</name><difficult>0</difficult><bndbox><xmin>318</xmin><ymin>147</ymin><xmax>345</xmax><ymax>219</ymax></bndbox></object><object><name>Person</name><difficult>0</difficult><bndbox><xmin>378</xmin><ymin>160</ymin><xmax>415</xmax><ymax>209</ymax></bndbox></object><object><name>Person</name><difficult>0</difficult><bndbox><xmin>430</xmin><ymin>207</ymin><xmax>470</xmax><ymax>241</ymax></bndbox></object><object><name>Person</name><difficult>0</difficult><bndbox><xmin>449</xmin><ymin>90</ymin><xmax>471</xmax><ymax>145</ymax></bndbox></object><object><name>Car</name><difficult>0</difficult><bndbox><xmin>316</xmin><ymin>54</ymin><xmax>383</xmax><ymax>135</ymax></bndbox></object><object><name>Car</name><difficult>0</difficult><bndbox><xmin>148</xmin><ymin>300</ymin><xmax>280</xmax><ymax>466</ymax></bndbox></object><object><name>Car</name><difficult>0</difficult><bndbox><xmin>195</xmin><ymin>178</ymin><xmax>276</xmax><ymax>282</ymax></bndbox></object><object><name>Car</name><difficult>0</difficult><bndbox><xmin>316</xmin><ymin>194</ymin><xmax>404</xmax><ymax>330</ymax></bndbox></object><object><name>Person</name><difficult>0</difficult><bndbox><xmin>523</xmin><ymin>184</ymin><xmax>563</xmax><ymax>254</ymax></bndbox></object></annotation>