<annotation><filename>frame_1200.jpg</filename><size><height>482</height><width>640</width><depth>3</depth></size><object><name>Car</name><difficult>0</difficult><bndbox><xmin>241</xmin><ymin>42</ymin><xmax>321</xmax><ymax>136</ymax></bndbox></object><object><name>Car</name><difficult>0</difficult><bndbox><xmin>347</xmin><ymin>97</ymin><xmax>437</xmax><ymax>216</ymax></bndbox></object><object><name>Person</name><difficult>0</difficult><bndbox><xmin>476</xmin><ymin>71</ymin><xmax>516</xmax><ymax>150</ymax></bndbox></object></annotation>