<annotation><filename>frame_342.jpg</filename><size><height>482</height><width>640</width><depth>3</depth></size><object><name>Auto</name><difficult>0</difficult><bndbox><xmin>197</xmin><ymin>100</ymin><xmax>284</xmax><ymax>238</ymax></bndbox></object><object><name>Car</name><difficult>0</difficult><bndbox><xmin>270</xmin><ymin>74</ymin><xmax>337</xmax><ymax>138</ymax></bndbox></object><object><name>Bus</name><difficult>0</difficult><bndbox><xmin>342</xmin><ymin>62</ymin><xmax>491</xmax><ymax>331</ymax></bndbox></object></annotation>