<annotation><filename>frame_319.jpg</filename><size><height>482</height><width>640</width><depth>3</depth></size><object><name>Car</name><difficult>0</difficult><bndbox><xmin>269</xmin><ymin>246</ymin><xmax>411</xmax><ymax>394</ymax></bndbox></object><object><name>Person</name><difficult>0</difficult><bndbox><xmin>358</xmin><ymin>76</ymin><xmax>407</xmax><ymax>156</ymax></bndbox></object><object><name>Person</name><difficult>0</difficult><bndbox><xmin>504</xmin><ymin>44</ymin><xmax>530</xmax><ymax>103</ymax></bndbox></object><object><name>Auto</name><difficult>0</difficult><bndbox><xmin>282</xmin><ymin>20</ymin><xmax>360</xmax><ymax>82</ymax></bndbox></object></annotation>