<annotation><filename>frame_291.jpg</filename><size><height>482</height><width>640</width><depth>3</depth></size><object><name>Car</name><difficult>0</difficult><bndbox><xmin>244</xmin><ymin>56</ymin><xmax>330</xmax><ymax>152</ymax></bndbox></object><object><name>Auto</name><difficult>0</difficult><bndbox><xmin>387</xmin><ymin>47</ymin><xmax>455</xmax><ymax>139</ymax></bndbox></object><object><name>Person</name><difficult>0</difficult><bndbox><xmin>355</xmin><ymin>241</ymin><xmax>404</xmax><ymax>345</ymax></bndbox></object><object><name>Person</name><difficult>0</difficult><bndbox><xmin>507</xmin><ymin>389</ymin><xmax>562</xmax><ymax>479</ymax></bndbox></object></annotation>