<annotation><filename>frame_231.jpg</filename><size><height>482</height><width>640</width><depth>3</depth></size><object><name>Car</name><difficult>0</difficult><bndbox><xmin>151</xmin><ymin>242</ymin><xmax>274</xmax><ymax>385</ymax></bndbox></object><object><name>Car</name><difficult>0</difficult><bndbox><xmin>338</xmin><ymin>129</ymin><xmax>426</xmax><ymax>237</ymax></bndbox></object><object><name>Person</name><difficult>0</difficult><bndbox><xmin>407</xmin><ymin>49</ymin><xmax>438</xmax><ymax>118</ymax></bndbox></object><object><name>Person</name><difficult>0</difficult><bndbox><xmin>473</xmin><ymin>102</ymin><xmax>507</xmax><ymax>173</ymax></bndbox></object><object><name>Auto</name><difficult>0</difficult><bndbox><xmin>505</xmin><ymin>55</ymin><xmax>554</xmax><ymax>139</ymax></bndbox></object><object><name>Person</name><difficult>0</difficult><bndbox><xmin>488</xmin><ymin>401</ymin><xmax>547</xmax><ymax>480</ymax></bndbox></object></annotation>