<annotation><filename>frame_1098.jpg</filename><size><height>482</height><width>640</width><depth>3</depth></size><object><name>Person</name><difficult>0</difficult><bndbox><xmin>393</xmin><ymin>342</ymin><xmax>450</xmax><ymax>457</ymax></bndbox></object><object><name>Person</name><difficult>0</difficult><bndbox><xmin>428</xmin><ymin>63</ymin><xmax>473</xmax><ymax>148</ymax></bndbox></object><object><name>Person</name><difficult>0</difficult><bndbox><xmin>497</xmin><ymin>114</ymin><xmax>527</xmax><ymax>187</ymax></bndbox></object><object><name>Car</name><difficult>0</difficult><bndbox><xmin>296</xmin><ymin>85</ymin><xmax>375</xmax><ymax>170</ymax></bndbox></object></annotation>