<annotation><filename>frame_297.jpg</filename><size><height>482</height><width>640</width><depth>3</depth></size><object><name>Car</name><difficult>0</difficult><bndbox><xmin>129</xmin><ymin>325</ymin><xmax>252</xmax><ymax>481</ymax></bndbox></object><object><name>Car</name><difficult>0</difficult><bndbox><xmin>253</xmin><ymin>71</ymin><xmax>329</xmax><ymax>164</ymax></bndbox></object><object><name>Car</name><difficult>0</difficult><bndbox><xmin>346</xmin><ymin>25</ymin><xmax>398</xmax><ymax>96</ymax></bndbox></object><object><name>Car</name><difficult>0</difficult><bndbox><xmin>253</xmin><ymin>182</ymin><xmax>343</xmax><ymax>299</ymax></bndbox></object><object><name>Auto</name><difficult>0</difficult><bndbox><xmin>386</xmin><ymin>76</ymin><xmax>444</xmax><ymax>161</ymax></bndbox></object><object><name>Auto</name><difficult>0</difficult><bndbox><xmin>452</xmin><ymin>167</ymin><xmax>522</xmax><ymax>258</ymax></bndbox></object><object><name>Person</name><difficult>0</difficult><bndbox><xmin>453</xmin><ymin>100</ymin><xmax>492</xmax><ymax>164</ymax></bndbox></object><object><name>Person</name><difficult>0</difficult><bndbox><xmin>550</xmin><ymin>160</ymin><xmax>588</xmax><ymax>249</ymax></bndbox></object><object><name>Person</name><difficult>0</difficult><bndbox><xmin>443</xmin><ymin>252</ymin><xmax>480</xmax><ymax>340</ymax></bndbox></object><object><name>Person</name><difficult>0</difficult><bndbox><xmin>337</xmin><ymin>283</ymin><xmax>395</xmax><ymax>390</ymax></bndbox></object><object><name>Person</name><difficult>0</difficult><bndbox><xmin>467</xmin><ymin>24</ymin><xmax>503</xmax><ymax>86</ymax></bndbox></object><object><name>Person</name><difficult>0</difficult><bndbox><xmin>294</xmin><ymin>18</ymin><xmax>331</xmax><ymax>71</ymax></bndbox></object></annotation>