<annotation><filename>frame_135.jpg</filename><size><height>482</height><width>640</width><depth>3</depth></size><object><name>Car</name><difficult>0</difficult><bndbox><xmin>185</xmin><ymin>225</ymin><xmax>290</xmax><ymax>356</ymax></bndbox></object><object><name>Car</name><difficult>0</difficult><bndbox><xmin>414</xmin><ymin>254</ymin><xmax>513</xmax><ymax>385</ymax></bndbox></object><object><name>Person</name><difficult>0</difficult><bndbox><xmin>337</xmin><ymin>214</ymin><xmax>382</xmax><ymax>327</ymax></bndbox></object><object><name>Car</name><difficult>0</difficult><bndbox><xmin>322</xmin><ymin>83</ymin><xmax>397</xmax><ymax>170</ymax></bndbox></object><object><name>Person</name><difficult>0</difficult><bndbox><xmin>502</xmin><ymin>23</ymin><xmax>530</xmax><ymax>61</ymax></bndbox></object></annotation>