<annotation><filename>frame_1167.jpg</filename><size><height>482</height><width>640</width><depth>3</depth></size><object><name>Car</name><difficult>0</difficult><bndbox><xmin>428</xmin><ymin>196</ymin><xmax>521</xmax><ymax>314</ymax></bndbox></object><object><name>Car</name><difficult>0</difficult><bndbox><xmin>198</xmin><ymin>175</ymin><xmax>288</xmax><ymax>290</ymax></bndbox></object><object><name>Person</name><difficult>0</difficult><bndbox><xmin>416</xmin><ymin>77</ymin><xmax>456</xmax><ymax>152</ymax></bndbox></object><object><name>Car</name><difficult>0</difficult><bndbox><xmin>322</xmin><ymin>21</ymin><xmax>385</xmax><ymax>51</ymax></bndbox></object></annotation>