<annotation><filename>frame_110.jpg</filename><size><height>482</height><width>640</width><depth>3</depth></size><object><name>Person</name><difficult>0</difficult><bndbox><xmin>320</xmin><ymin>196</ymin><xmax>371</xmax><ymax>296</ymax></bndbox></object><object><name>Person</name><difficult>0</difficult><bndbox><xmin>507</xmin><ymin>216</ymin><xmax>555</xmax><ymax>301</ymax></bndbox></object><object><name>Auto</name><difficult>0</difficult><bndbox><xmin>431</xmin><ymin>393</ymin><xmax>533</xmax><ymax>479</ymax></bndbox></object><object><name>Car</name><difficult>0</difficult><bndbox><xmin>316</xmin><ymin>55</ymin><xmax>397</xmax><ymax>152</ymax></bndbox></object><object><name>Person</name><difficult>0</difficult><bndbox><xmin>490</xmin><ymin>24</ymin><xmax>519</xmax><ymax>77</ymax></bndbox></object></annotation>