<annotation><filename>frame_180.jpg</filename><size><height>482</height><width>640</width><depth>3</depth></size><object><name>Person</name><difficult>0</difficult><bndbox><xmin>373</xmin><ymin>180</ymin><xmax>413</xmax><ymax>272</ymax></bndbox></object><object><name>Person</name><difficult>0</difficult><bndbox><xmin>481</xmin><ymin>82</ymin><xmax>521</xmax><ymax>156</ymax></bndbox></object><object><name>Person</name><difficult>0</difficult><bndbox><xmin>567</xmin><ymin>391</ymin><xmax>617</xmax><ymax>476</ymax></bndbox></object></annotation>