<annotation><filename>frame_132.jpg</filename><size><height>482</height><width>640</width><depth>3</depth></size><object><name>Car</name><difficult>0</difficult><bndbox><xmin>194</xmin><ymin>270</ymin><xmax>326</xmax><ymax>451</ymax></bndbox></object><object><name>Car</name><difficult>0</difficult><bndbox><xmin>256</xmin><ymin>56</ymin><xmax>322</xmax><ymax>142</ymax></bndbox></object><object><name>Car</name><difficult>0</difficult><bndbox><xmin>340</xmin><ymin>22</ymin><xmax>393</xmax><ymax>76</ymax></bndbox></object><object><name>Person</name><difficult>0</difficult><bndbox><xmin>382</xmin><ymin>75</ymin><xmax>411</xmax><ymax>150</ymax></bndbox></object><object><name>Person</name><difficult>0</difficult><bndbox><xmin>493</xmin><ymin>154</ymin><xmax>523</xmax><ymax>230</ymax></bndbox></object><object><name>Auto</name><difficult>0</difficult><bndbox><xmin>446</xmin><ymin>22</ymin><xmax>503</xmax><ymax>90</ymax></bndbox></object></annotation>