<annotation><filename>frame_25.jpg</filename><size><height>482</height><width>640</width><depth>3</depth></size><object><name>Bus</name><difficult>0</difficult><bndbox><xmin>307</xmin><ymin>23</ymin><xmax>428</xmax><ymax>171</ymax></bndbox></object><object><name>Person</name><difficult>0</difficult><bndbox><xmin>272</xmin><ymin>287</ymin><xmax>332</xmax><ymax>393</ymax></bndbox></object><object><name>Person</name><difficult>0</difficult><bndbox><xmin>512</xmin><ymin>24</ymin><xmax>539</xmax><ymax>61</ymax></bndbox></object><object><name>Auto</name><difficult>0</difficult><bndbox><xmin>438</xmin><ymin>400</ymin><xmax>541</xmax><ymax>478</ymax></bndbox></object></annotation>