<annotation><filename>frame_1192.jpg</filename><size><height>482</height><width>640</width><depth>3</depth></size><object><name>Car</name><difficult>0</difficult><bndbox><xmin>277</xmin><ymin>19</ymin><xmax>355</xmax><ymax>92</ymax></bndbox></object><object><name>Auto</name><difficult>0</difficult><bndbox><xmin>396</xmin><ymin>19</ymin><xmax>471</xmax><ymax>81</ymax></bndbox></object><object><name>Car</name><difficult>0</difficult><bndbox><xmin>410</xmin><ymin>92</ymin><xmax>492</xmax><ymax>198</ymax></bndbox></object></annotation>